rsp_id,rsp_id2,country,mig_ext_motivo,migrated_yn_5,CARI,income_per_capita_tier,mig_ext_intention,mig_ext_plan_12months,mig_ext_preparacion,motiv_cat,tapestry_order,selected,name,age,sex,narrative2,
12,rsp12,GT,1 2 6,1,2,4,0,,,econ-1,1,,,,,,
15,rsp15,HND,1 8,1,2,4,1,0,,econ-1,2,,,,,,
24,rsp24,HND,1 2 6,1,2,5,1,1,1,econ-1,3,,,,,,
29,rsp29,GT,1 8,1,2,2,0,,,econ-1,4,,,,,,
31,rsp31,SLV,1,1,2,3,0,,,econ-1,5,,,,,,
32,rsp32,GT,1 7 8,1,1,5,0,,,econ-1,6,,,,,,
36,rsp36,SLV,11,1,2,4,1,0,,sec-1,22,y,Blanca,47,F,In El Salvador 17.7%% of migrants leave for security reasons compared to 3.9% in Honduras and 0.8% in Guatemala.,
38,rsp38,SLV,8 1 2,1,2,4,1,0,,econ-1,7,,,,,,
39,rsp39,SLV,1 2 8,1,2,4,1,0,,econ-1,10,,,,,,
41,rsp41-1,GT,1,1,2,3,0,,,econ-1,11,,,,,,
41,rsp41-2,GT,1,1,2,3,0,,,econ-1,12,,,,,,
43,rsp43,GT,1,1,2,4,1,1,1,econ-1,13,y,Pedro,23,M,Pedro now works as a farm laborer. 73 % of the US agriculture labor force are migrants. 11.5% of migrants in our study found work as farm laborers.,
46,rsp46,HND,1 8,1,1,2,1,0,,econ-1,14,,,,,,
47,rsp47-1,HND,8,1,2,1,0,,,econ-1,15,,,,,,
47,rsp47-2,HND,8,1,2,1,0,,,econ-1,16,,,,,,
49,rsp49,HND,2 6,1,1,2,0,,,econ-1,18,,,,,,
50,rsp50-1,GT,1 2 8,1,1,2,0,,,econ-1,19,,,,,,
50,rsp50-2,GT,1 9,1,1,2,0,,,econ-oth-2,64,,,,,,
52,rsp52,GT,1 2,1,1,5,1,1,0,econ-1,21,,,,,,
53,rsp53,GT,1 8,1,1,1,1,0,,econ-1,23,,,,,,
56,rsp56,GT,1 8,1,1,1,1,1,1,econ-1,25,,,,,,
63,rsp63,HND,1,1,2,2,0,,,econ-1,26,,,,,,
69,rsp69-1,HND,1,1,2,1,1,1,1,econ-1,27,,,,,,
69,rsp69-2,HND,1,1,2,1,1,1,1,econ-1,30,,,,,,
71,rsp71-2,HND,1,1,2,1,1,0,,econ-1,31,,,,,,
71,rsp71-1,HND,16,1,2,1,1,0,,oth-1,40,,,,,,
72,rsp72,HND,1 6,1,1,2,1,0,,econ-1,32,,,,,,
78,rsp78-2,HND,1,1,1,1,0,,,econ-1,33,,,,,,
78,rsp78-1,HND,16,1,1,1,0,,,oth-1,53,,,,,,
80,rsp80,HND,1 2,1,1,4,99,,,econ-1,34,,,,,,
88,rsp88,HND,2 1,1,1,2,1,0,,econ-1,35,,,,,,
91,rsp91,GT,1 6 8,1,2,3,1,0,,econ-1,36,,,,,,
95,rsp95-1,HND,2,1,1,2,1,0,,econ-1,37,,,,,,
95,rsp95-2,HND,2,1,1,2,1,0,,econ-1,38,,,,,,
96,rsp96,HND,1,1,2,2,1,0,,econ-1,39,,,,,,
97,rsp97,HND,1 2 6,1,2,3,1,0,,econ-1,41,,,,,,
99,rsp99,GT,1 6,1,2,4,1,0,,econ-1,42,,,,,,
100,rsp100,GT,1 6 7,1,2,5,1,0,,econ-1,43,,,,,,
102,rsp102,GT,1 2,1,2,2,1,0,,econ-1,44,,,,,,
108,rsp108,GT,2,1,2,4,1,1,1,econ-1,45,,,,,,
111,rsp111,GT,1 6 9,1,2,1,1,0,,econ-oth-2,65,,,,,,
115,rsp115,HND,1 2 7,1,1,2,1,0,,econ-1,48,,,,,,
119,rsp119,HND,1 6 8,1,1,3,1,0,,econ-1,49,,,,,,
120,rsp120,HND,1,1,1,4,1,1,0,econ-1,50,,,,,,
122,rsp122-3,HND,6 7 11,1,1,1,1,1,0,econ-sec-2,8,,,,,,
122,rsp122-1,HND,1,1,1,1,1,1,0,econ-1,51,,,,,,
122,rsp122-2,HND,1,1,1,1,1,1,0,econ-1,52,,,,,,
126,rsp126-1,HND,1,1,3,3,1,0,,econ-1,54,,,,,,
126,rsp126-2,HND,1,1,3,3,1,0,,econ-1,55,,,,,,
131,rsp131-2,HND,99,1,1,2,1,1,1,oth-1,96,,,,,,
131,rsp131-1,HND,9 6 8,1,1,2,1,1,1,econ-oth-2,119,,,,,,
132,rsp132,HND,1,1,1,2,0,,,econ-1,56,,,,,,
134,rsp134,HND,1 2,1,2,1,1,0,,econ-1,57,,,,,,
141,rsp141,HND,9 12,1,2,4,1,0,,reun-oth-2,176,,,,,,
142,rsp142,HND,1,1,3,3,1,1,0,econ-1,58,,,,,,
161,rsp161,HND,2,1,3,1,0,,,econ-1,59,,,,,,
181,rsp181,HND,1 2,1,1,1,1,0,,econ-1,60,,,,,,
182,rsp182,HND,1 2,1,1,4,1,0,,econ-1,61,,,,,,
184,rsp184,GT,1 2,1,1,4,0,,,econ-1,62,,,,,,
189,rsp189,GT,1 12,1,1,4,1,0,,econ-reun-2,289,,,,,,
191,rsp191,GT,1 6 8,1,2,2,0,,,econ-1,63,,,,,,
199,rsp199-2,GT,1 8,1,1,2,0,,,econ-1,66,,,,,,
199,rsp199-1,GT,9 1,1,1,2,0,,,econ-oth-2,122,,,,,,
206,rsp206,GT,1 2 8,1,2,4,0,,,econ-1,67,,,,,,
209,rsp209,HND,1 3 4,1,2,2,1,0,,econ-clim-2,28,,,,,,
214,rsp214-1,GT,1 2,1,4,1,1,1,0,econ-1,68,,,,,,
214,rsp214-2,GT,2 7,1,4,1,1,1,0,econ-1,69,,,,,,
217,rsp217,GT,1 9 8,1,2,3,0,,,econ-oth-2,130,,,,,,
218,rsp218-1,GT,1 2 6,1,2,4,0,,,econ-1,70,,,,,,
218,rsp218-2,GT,1,1,2,4,0,,,econ-1,71,,,,,,
224,rsp224,GT,1,1,2,3,0,,,econ-1,72,,,,,,
225,rsp225-1,GT,1 2,1,3,1,1,0,,econ-1,74,,,,,,
225,rsp225-2,GT,1,1,3,1,1,0,,econ-1,75,,,,,,
229,rsp229,GT,1 8,1,1,1,1,0,,econ-1,76,,,,,,
230,rsp230,GT,1,1,1,2,0,,,econ-1,78,,,,,,
243,rsp243,GT,1 2 7,1,1,5,0,,,econ-1,80,,,,,,
245,rsp245,GT,1,1,2,4,1,0,,econ-1,82,,,,,,
249,rsp249,GT,12 15,1,1,4,1,1,1,reun-oth-2,177,,,,,,
250,rsp250-2,GT,2 1 11,1,2,4,1,1,1,econ-sec-2,9,,,,,,
250,rsp250-1,GT,1 7 6,1,2,4,1,1,1,econ-1,83,,,,,,
250,rsp250-4,GT,16,1,2,4,1,1,1,oth-1,109,,,,,,
250,rsp250-5,GT,16,1,2,4,1,1,1,oth-1,120,,,,,,
250,rsp250-3,GT,7 9,1,2,4,1,1,1,econ-oth-2,174,,,,,,
258,rsp258-1,GT,1 2 6,1,1,4,0,,,econ-1,84,,,,,,
258,rsp258-2,GT,1 2,1,1,4,0,,,econ-1,86,,,,,,
268,rsp268,GT,7,1,2,3,1,1,1,econ-1,87,,,,,,
269,rsp269,GT,6 7 14,1,2,3,1,0,,econ-oth-2,179,,,,,,
278,rsp278,GT,1 7,1,1,5,1,0,,econ-1,88,,,,,,
279,rsp279,GT,1,1,2,2,99,,,econ-1,89,,,,,,
280,rsp280,GT,6 8 7,1,1,3,99,,,econ-1,90,,,,,,
286,rsp286-2,GT,14,1,3,3,1,0,,oth-1,121,,,,,,
286,rsp286-1,GT,1 7 14,1,3,3,1,0,,econ-oth-2,186,,,,,,
288,rsp288,GT,1 6 7,1,1,4,99,,,econ-1,91,,,,,,
291,rsp291-1,GT,2 1,1,1,1,1,0,,econ-1,92,,,,,,
291,rsp291-2,GT,1 2,1,1,1,1,0,,econ-1,93,,,,,,
301,rsp301,GT,99 1 2,1,3,4,1,1,1,econ-1,94,,,,,,
302,rsp302-1,GT,1 2,1,2,4,1,0,,econ-1,95,,,,,,
302,rsp302-2,GT,1 2,1,2,4,1,0,,econ-1,97,,,,,,
303,rsp303,GT,1 2,1,2,1,0,,,econ-1,98,,,,,,
304,rsp304,GT,1,1,2,2,0,,,econ-1,99,,,,,,
305,rsp305,GT,1,1,2,2,1,0,,econ-1,100,,,,,,
306,rsp306-1,GT,1,1,3,5,0,,,econ-1,105,,,,,,
306,rsp306-2,GT,1,1,3,5,0,,,econ-1,106,,,,,,
321,rsp321,GT,1 8,1,1,2,1,1,1,econ-1,107,,,,,,
326,rsp326-1,HND,1,1,2,2,0,,,econ-1,109,,,,,,
326,rsp326-2,HND,1,1,2,2,0,,,econ-1,110,,,,,,
334,rsp334,HND,1 2,1,2,4,1,0,,econ-1,111,,,,,,
337,rsp337-1,HND,9 12,1,1,5,1,0,,reun-oth-2,231,,,,,,
337,rsp337-2,HND,1 12,1,1,5,1,0,,econ-reun-2,466,,,,,,
342,rsp342,HND,2,1,1,2,0,,,econ-1,112,,,,,,
346,rsp346,HND,1 6 7,1,1,2,1,0,,econ-1,113,,,,,,
351,rsp351,HND,1,1,2,4,1,1,0,econ-1,114,y,Rosa,31,F,"Rose's hometown is Santa Cruz de Yojoa, Santa Cruz de Yojoa was hit by Hurricane Eta on Nov. 3, 2020.",
355,rsp355-1,HND,1,1,1,3,1,0,,econ-1,115,,,,,,
355,rsp355-2,HND,1,1,1,3,1,0,,econ-1,116,,,,,,
359,rsp359,HND,1 6,1,2,4,1,0,,econ-1,117,,,,,,
370,rsp370,HND,2 1 6,1,3,3,1,0,,econ-1,118,,,,,,
371,rsp371,HND,1 2 6,1,2,2,99,,,econ-1,123,,,,,,
373,rsp373-1,HND,1,1,3,1,1,0,,econ-1,124,,,,,,
373,rsp373-2,HND,1,1,3,1,1,0,,econ-1,125,,,,,,
381,rsp381-1,HND,1,1,1,2,1,0,,econ-1,126,,,,,,
381,rsp381-2,HND,1,1,1,2,1,0,,econ-1,127,,,,,,
390,rsp390-2,GT,1,1,3,4,0,,,econ-1,128,,,,,,
390,rsp390-1,GT,9,1,3,4,0,,,oth-1,152,,,,,,
391,rsp391-1,GT,1,1,3,4,0,,,econ-1,131,,,,,,
391,rsp391-2,GT,1,1,3,4,0,,,econ-1,132,,,,,,
394,rsp394,HND,1,1,2,1,1,0,,econ-1,133,,,,,,
396,rsp396-1,HND,1,1,2,2,1,0,,econ-1,135,,,,,,
396,rsp396-2,HND,1,1,2,2,1,0,,econ-1,137,,,,,,
399,rsp399,GT,1 7 8,1,2,4,1,0,,econ-1,139,,,,,,
403,rsp403,GT,8,1,1,5,1,1,1,econ-1,140,,,,,,
404,rsp404,GT,1 6,1,3,3,99,,,econ-1,142,,,,,,
406,rsp406,GT,1 7,1,2,3,1,0,,econ-1,143,,,,,,
407,rsp407,GT,1 7 14,1,3,1,1,1,0,econ-oth-2,229,,,,,,
411,rsp411-2,GT,1 2 11,1,2,3,1,1,0,econ-sec-2,20,,,,,,
411,rsp411-1,GT,1 2 16,1,2,3,1,1,0,econ-oth-2,236,,,,,,
416,rsp416,GT,1,1,1,3,0,,,econ-1,144,,,,,,
418,rsp418,GT,1 2,1,2,3,1,0,,econ-1,145,,,,,,
422,rsp422,GT,2,1,1,3,1,0,,econ-1,146,,,,,,
425,rsp425,GT,1 6,1,1,3,1,0,,econ-1,147,,,,,,
427,rsp427,GT,1 6,1,1,3,0,,,econ-1,148,,,,,,
429,rsp429,HND,2 1,1,2,4,0,,,econ-1,149,,,,,,
430,rsp430,HND,14 1 6,1,2,4,0,,,econ-oth-2,285,,,,,,
434,rsp434-1,HND,12,1,2,4,0,,,reun-1,17,,,,,,
434,rsp434-2,HND,12,1,2,4,0,,,reun-1,29,,,,,,
440,rsp440,HND,1 2,1,1,2,0,,,econ-1,150,,,,,,
442,rsp442-1,HND,1 2 8 11,1,2,1,1,0,,econ-sec-2,24,,,,,,
442,rsp442-2,HND,1 2,1,2,1,1,0,,econ-1,151,,,,,,
442,rsp442-3,HND,1 2,1,2,1,1,0,,econ-1,154,,,,,,
442,rsp442-4,HND,1 2,1,2,1,1,0,,econ-1,155,,,,,,
443,rsp443-1,HND,1 2 6 7,1,1,2,0,,,econ-1,162,,,,,,
443,rsp443-2,HND,1 2 7,1,1,2,0,,,econ-1,163,,,,,,
445,rsp445-2,HND,2 1 6 7,1,2,2,0,,,econ-1,164,,,,,,
445,rsp445-1,HND,1 2 6 7 15,1,2,2,0,,,econ-oth-2,292,,,,,,
448,rsp448,HND,1 2 7,1,2,1,1,1,1,econ-1,166,,,,,,
450,rsp450,GT,1 9,1,2,2,1,1,0,econ-oth-2,308,,,,,,
451,rsp451,GT,7 1 2,1,2,5,1,0,,econ-1,167,,,,,,
453,rsp453,GT,1 6,1,1,1,0,,,econ-1,168,,,,,,
454,rsp454,GT,7 1 2,1,1,3,1,0,,econ-1,169,,,,,,
456,rsp456,GT,1 7 2,1,2,4,99,,,econ-1,170,,,,,,
457,rsp457,GT,2 1 7,1,2,2,0,,,econ-1,171,,,,,,
458,rsp458,GT,6 1,1,1,2,0,,,econ-1,172,,,,,,
469,rsp469,GT,1 7,1,2,2,1,0,,econ-1,173,,,,,,
474,rsp474,GT,1 8 7,1,2,4,1,0,,econ-1,180,,,,,,
477,rsp477,GT,1 5 6,1,1,5,1,0,,econ-clim-2,46,y,Gloria,24,F,"Gloria migrated in large part due to the devastating effects of climate change, which heavily affects Central American countries that are economically dependent on agriculture and vulnerable to natural disasters.",
479,rsp479,GT,12,1,1,5,0,,,reun-1,73,,,,,,
484,rsp484,GT,2 6 8,1,2,4,0,,,econ-1,181,,,,,,
486,rsp486,GT,1 2 3,1,3,4,0,,,econ-clim-2,47,,,,,,
491,rsp491,GT,1 4,1,3,3,0,,,econ-clim-2,101,,,,,,
495,rsp495,GT,12,1,2,4,0,,,reun-1,85,y,Sandra,33,F,"After multiple unsuccessful trips, Sandra finally reunited with her family. 8.4% of migrants are traveling to reunify with their families.",
500,rsp500-1,HND,9,1,1,2,1,1,0,oth-1,158,,,,,,
500,rsp500-2,HND,1,1,1,2,1,1,0,econ-1,182,,,,,,
500,rsp500-3,HND,1,1,1,2,1,1,0,econ-1,183,,,,,,
504,rsp504,GT,1 6 8,1,1,2,1,0,,econ-1,184,,,,,,
511,rsp511,GT,1 8,1,3,4,1,0,,econ-1,187,,,,,,
519,rsp519,GT,1 7 8,1,1,2,0,,,econ-1,188,,,,,,
521,rsp521,GT,1 6,1,3,3,1,0,,econ-1,189,,,,,,
522,rsp522-1,GT,1 8 6,1,2,3,1,0,,econ-1,191,,,,,,
522,rsp522-2,GT,1 6 7,1,2,3,1,0,,econ-1,193,,,,,,
526,rsp526-1,GT,2 1,1,1,4,1,99,,econ-1,195,,,,,,
526,rsp526-2,GT,1,1,1,4,1,99,,econ-1,196,,,,,,
527,rsp527,GT,1 12,1,1,1,1,0,,econ-reun-2,522,,,,,,
532,rsp532,GT,1 2,1,3,2,0,,,econ-1,198,,,,,,
535,rsp535-1,HND,1,1,1,1,0,,,econ-1,199,,,,,,
535,rsp535-2,HND,1,1,1,1,0,,,econ-1,200,,,,,,
543,rsp543,GT,1 6,1,1,4,0,,,econ-1,201,,,,,,
546,rsp546,GT,1 2 6,1,1,4,0,,,econ-1,202,,,,,,
552,rsp552-2,HND,11,1,1,2,0,,,sec-1,79,,,,,,
552,rsp552-1,HND,12,1,1,2,0,,,reun-1,129,,,,,,
556,rsp556-1,GT,1 7,1,2,3,0,,,econ-1,203,,,,,,
556,rsp556-2,GT,1 2,1,2,3,0,,,econ-1,204,,,,,,
558,rsp558-1,GT,7 8,1,1,5,1,0,,econ-1,205,,,,,,
558,rsp558-2,GT,6 7,1,1,5,1,0,,econ-1,206,,,,,,
568,rsp568,GT,1 7 8,1,1,4,1,0,,econ-1,207,,,,,,
569,rsp569-1,GT,1,1,1,2,0,,,econ-1,209,,,,,,
569,rsp569-2,GT,1,1,1,2,0,,,econ-1,210,,,,,,
573,rsp573,GT,1,1,1,4,0,,,econ-1,211,,,,,,
575,rsp575,GT,1,1,3,1,0,,,econ-1,218,,,,,,
577,rsp577,GT,1,1,2,1,0,,,econ-1,219,,,,,,
578,rsp578-1,GT,1 2,1,2,1,1,1,1,econ-1,220,,,,,,
578,rsp578-2,GT,1 2,1,2,1,1,1,1,econ-1,222,,,,,,
578,rsp578-3,GT,1 7,1,2,1,1,1,1,econ-1,223,,,,,,
579,rsp579,GT,2 1,1,1,1,0,,,econ-1,224,,,,,,
582,rsp582-1,GT,1 2,1,2,1,0,,,econ-1,225,,,,,,
582,rsp582-2,GT,1 2 6,1,2,1,0,,,econ-1,226,,,,,,
591,rsp591-1,GT,7,1,1,4,1,1,0,econ-1,227,,,,,,
591,rsp591-2,GT,1,1,1,4,1,1,0,econ-1,228,,,,,,
598,rsp598,GT,1 2,1,2,4,1,1,0,econ-1,237,,,,,,
606,rsp606,GT,1,1,2,2,0,,,econ-1,238,,,,,,
607,rsp607,GT,1,1,2,1,0,,,econ-1,239,,,,,,
610,rsp610,HND,1 7 8,1,3,1,1,99,,econ-1,240,,,,,,
611,rsp611,GT,1 7,1,2,4,0,,,econ-1,242,,,,,,
613,rsp613-1,GT,1,1,1,2,99,,,econ-1,243,,,,,,
613,rsp613-2,GT,1,1,1,2,99,,,econ-1,244,,,,,,
613,rsp613-3,GT,1,1,1,2,99,,,econ-1,246,,,,,,
615,rsp615,GT,1 6,1,2,4,1,1,1,econ-1,248,,,,,,
623,rsp623,GT,1 2 6,1,2,5,0,,,econ-1,250,y,Jose,35,M,"After arriving in the US, Jose was forced to involuntarily return to Guatemala. 33% of Migrants are involuntarily returned home.",
636,rsp636-1,GT,9,1,3,4,0,,,oth-1,165,,,,,,
636,rsp636-2,GT,1 2 7,1,3,4,0,,,econ-1,251,,,,,,
636,rsp636-3,GT,1 2 7,1,3,4,0,,,econ-1,252,,,,,,
637,rsp637-1,GT,16,1,2,4,1,0,,oth-1,175,,,,,,
637,rsp637-2,GT,1 7 2,1,2,4,1,0,,econ-1,254,,,,,,
638,rsp638,GT,1 2 7,1,1,1,0,,,econ-1,255,,,,,,
639,rsp639,GT,1 2 7,1,1,1,0,,,econ-1,256,,,,,,
641,rsp641,GT,1 7 2,1,2,1,1,1,1,econ-1,257,,,,,,
645,rsp645-1,GT,1 2 6,1,1,3,1,0,,econ-1,258,,,,,,
645,rsp645-2,GT,1 16,1,1,3,1,0,,econ-oth-2,341,,,,,,
645,rsp645-3,GT,1 16,1,1,3,1,0,,econ-oth-2,347,,,,,,
646,rsp646-1,GT,1,1,1,5,0,,,econ-1,259,,,,,,
646,rsp646-2,GT,1 2,1,1,5,0,,,econ-1,260,,,,,,
653,rsp653,GT,1 2 8,1,1,1,1,0,,econ-1,261,,,,,,
655,rsp655-1,GT,1 2 6,1,3,1,0,,,econ-1,262,,,,,,
655,rsp655-2,GT,1 2 6,1,3,1,0,,,econ-1,263,,,,,,
660,rsp660,GT,1 7 2,1,2,4,1,1,0,econ-1,265,,,,,,
665,rsp665,GT,15 16,1,1,4,0,,,oth-1,178,,,,,,
669,rsp669,GT,1,1,1,4,1,0,,econ-1,266,,,,,,
672,rsp672,GT,1 8,1,1,4,0,,,econ-1,267,,,,,,
674,rsp674,GT,1,1,2,4,0,,,econ-1,268,,,,,,
676,rsp676-1,GT,1 2,1,3,1,1,1,0,econ-1,273,,,,,,
676,rsp676-2,GT,1,1,3,1,1,1,0,econ-1,274,,,,,,
684,rsp684,GT,1 6 7,1,2,4,1,0,,econ-1,275,,,,,,
686,rsp686,GT,1 8 7,1,2,4,1,1,1,econ-1,276,,,,,,
691,rsp691-1,GT,1 6 8,1,2,5,1,0,,econ-1,278,,,,,,
691,rsp691-2,GT,1,1,2,5,1,0,,econ-1,279,,,,,,
698,rsp698-2,GT,1 6 11,1,2,3,1,0,,econ-sec-2,77,,,,,,
698,rsp698-1,GT,1 6,1,2,3,1,0,,econ-1,280,,,,,,
705,rsp705,GT,12,1,1,2,1,99,,reun-1,141,,,,,,
712,rsp712,GT,1 2 6,1,1,4,0,,,econ-1,281,,,,,,
716,rsp716,GT,1,1,1,5,0,,,econ-1,282,,,,,,
720,rsp720,GT,1 2,1,2,4,0,,,econ-1,283,,,,,,
723,rsp723,GT,2 1,1,1,4,1,1,0,econ-1,284,,,,,,
732,rsp732,GT,8,1,1,5,0,,,econ-1,293,,,,,,
734,rsp734,GT,8,1,1,4,1,1,1,econ-1,294,,,,,,
735,rsp735,GT,8 7,1,1,3,0,,,econ-1,295,,,,,,
736,rsp736,GT,1 2,1,1,1,0,,,econ-1,296,,,,,,
739,rsp739-1,GT,1 2,1,1,4,0,,,econ-1,298,,,,,,
739,rsp739-2,GT,1 2,1,1,4,0,,,econ-1,299,,,,,,
744,rsp744,GT,1 2 7,1,3,2,1,0,,econ-1,305,,,,,,
746,rsp746-1,GT,1 2,1,2,1,0,,,econ-1,306,,,,,,
746,rsp746-2,GT,1 2,1,2,1,0,,,econ-1,307,,,,,,
746,rsp746-3,GT,1 2,1,2,1,0,,,econ-1,310,,,,,,
749,rsp749,GT,1 2 7,1,1,1,0,,,econ-1,311,,,,,,
766,rsp766-1,HND,2,1,2,1,1,0,,econ-1,312,,,,,,
766,rsp766-2,HND,7,1,2,1,1,0,,econ-1,313,,,,,,
768,rsp768-1,HND,1 6,1,1,1,0,,,econ-1,314,,,,,,
768,rsp768-2,HND,1 6 2,1,1,1,0,,,econ-1,315,,,,,,
779,rsp779,HND,1 2 7,1,1,2,0,,,econ-1,316,,,,,,
781,rsp781-2,HND,1,1,1,1,0,,,econ-1,317,,,,,,
781,rsp781-1,HND,1 9,1,1,1,0,,,econ-oth-2,364,,,,,,
787,rsp787,HND,1 2,1,1,4,1,0,,econ-1,318,,,,,,
792,rsp792-2,GT,1,1,1,2,1,1,1,econ-1,319,,,,,,
792,rsp792-1,GT,10 16,1,1,2,1,1,1,sec-oth-2,904,,,,,,
797,rsp797,GT,1,1,2,4,1,0,,econ-1,321,,,,,,
802,rsp802,GT,1 7,1,2,3,0,,,econ-1,322,,,,,,
807,rsp807,GT,1 2,1,2,4,1,0,,econ-1,323,,,,,,
810,rsp810,GT,1,1,1,4,1,0,,econ-1,324,,,,,,
816,rsp816,GT,1 8 7,1,1,4,0,,,econ-1,325,,,,,,
820,rsp820,GT,2 8,1,1,2,0,,,econ-1,328,,,,,,
821,rsp821,HND,1 11,1,1,1,0,,,econ-sec-2,81,,,,,,
832,rsp832,GT,1 6,1,3,4,0,,,econ-1,329,,,,,,
833,rsp833,GT,1 2 6,1,3,1,1,0,,econ-1,330,,,,,,
842,rsp842,GT,1 7 8,1,1,3,0,,,econ-1,331,,,,,,
850,rsp850,GT,1,1,2,3,1,0,,econ-1,332,,,,,,
853,rsp853,GT,7 1,1,3,1,0,,,econ-1,334,,,,,,
855,rsp855,GT,12,1,1,3,1,1,1,reun-1,185,,,,,,
856,rsp856-1,HND,1 2,1,2,1,1,0,,econ-1,335,,,,,,
856,rsp856-2,HND,1 2,1,2,1,1,0,,econ-1,336,,,,,,
858,rsp858-1,HND,9,1,2,4,0,,,oth-1,208,,,,,,
858,rsp858-2,HND,1 2,1,2,4,0,,,econ-1,337,,,,,,
859,rsp859,HND,9,1,1,2,1,0,,oth-1,215,,,,,,
862,rsp862,HND,1 6 8,1,1,1,0,,,econ-1,338,,,,,,
864,rsp864,HND,1,1,1,2,1,0,,econ-1,339,,,,,,
865,rsp865,HND,1 8,1,1,2,0,,,econ-1,340,,,,,,
868,rsp868-1,HND,1,1,1,4,1,0,,econ-1,341,,,,,,
868,rsp868-2,HND,1 6 7,1,1,4,1,0,,econ-1,348,,,,,,
878,rsp878,GT,1 2 6,1,2,4,1,1,1,econ-1,349,,,,,,
880,rsp880-1,GT,1 8,1,1,1,0,,,econ-1,350,,,,,,
880,rsp880-2,GT,1 8,1,1,1,0,,,econ-1,351,,,,,,
883,rsp883,GT,1 2 8,1,1,4,0,,,econ-1,352,,,,,,
896,rsp896,GT,1,1,2,5,1,0,,econ-1,354,,,,,,
897,rsp897-1,GT,15,1,1,5,1,0,,oth-1,221,,,,,,
897,rsp897-2,GT,15,1,1,5,1,0,,oth-1,230,,,,,,
897,rsp897-3,GT,15,1,1,5,1,0,,oth-1,235,,,,,,
897,rsp897-4,GT,16,1,1,5,1,0,,oth-1,264,,,,,,
897,rsp897-5,GT,16,1,1,5,1,0,,oth-1,277,,,,,,
897,rsp897-6,GT,99,1,1,5,1,0,,oth-1,286,,,,,,
900,rsp900-1,GT,1 6,1,1,4,1,0,,econ-1,355,,,,,,
900,rsp900-2,GT,1,1,1,4,1,0,,econ-1,357,,,,,,
902,rsp902,GT,1 2,1,1,4,0,,,econ-1,359,,,,,,
914,rsp914,HND,1 2 7,1,1,5,1,0,,econ-1,361,,,,,,
916,rsp916,HND,1 8,1,1,2,1,0,,econ-1,362,,,,,,
919,rsp919,GT,1 8,1,2,3,0,,,econ-1,363,,,,,,
920,rsp920-2,GT,12,1,1,3,1,0,,reun-1,197,,,,,,
920,rsp920-1,GT,1,1,1,3,1,0,,econ-1,366,,,,,,
920,rsp920-3,GT,1 2,1,1,3,1,0,,econ-1,367,,,,,,
946,rsp946,HND,1,1,1,2,1,0,,econ-1,368,,,,,,
953,rsp953,HND,2 1 6,1,1,5,1,1,0,econ-1,369,,,,,,
959,rsp959,HND,2 7 8,1,1,4,1,1,0,econ-1,370,,,,,,
969,rsp969,SLV,2,1,2,4,0,,,econ-1,371,,,,,,
975,rsp975,SLV,1 2 9,1,1,1,1,0,,econ-oth-2,382,,,,,,
977,rsp977,SLV,12,1,2,4,1,0,,reun-1,241,,,,,,
979,rsp979-1,SLV,12,1,1,2,1,0,,reun-1,253,,,,,,
979,rsp979-2,SLV,1,1,1,2,1,0,,econ-1,372,,,,,,
984,rsp984-3,SLV,12,1,1,5,1,0,,reun-1,297,,,,,,
984,rsp984-4,SLV,12,1,1,5,1,0,,reun-1,309,,,,,,
984,rsp984-1,SLV,1 8,1,1,5,1,0,,econ-1,373,,,,,,
984,rsp984-2,SLV,1,1,1,5,1,0,,econ-1,374,,,,,,
985,rsp985-2,SLV,12,1,1,3,0,,,reun-1,353,,,,,,
985,rsp985-3,SLV,12,1,1,3,0,,,reun-1,365,,,,,,
985,rsp985-1,SLV,1 7,1,1,3,0,,,econ-1,375,,,,,,
987,rsp987-2,SLV,1,1,1,1,1,0,,econ-1,377,,,,,,
987,rsp987-3,SLV,1,1,1,1,1,0,,econ-1,378,,,,,,
987,rsp987-1,SLV,12,1,1,1,1,0,,reun-1,409,,,,,,
987,rsp987-4,SLV,12,1,1,1,1,0,,reun-1,421,,,,,,
991,rsp991,SLV,1 7,1,2,4,1,0,,econ-1,379,,,,,,
993,rsp993,SLV,1,1,2,4,1,0,,econ-1,380,,,,,,
994,rsp994,SLV,1 2,1,1,3,1,0,,econ-1,381,,,,,,
995,rsp995,SLV,11,1,2,2,1,0,,sec-1,136,,,,,,
996,rsp996-1,SLV,1 2,1,1,4,1,0,,econ-1,384,,,,,,
996,rsp996-2,SLV,1 2,1,1,4,1,0,,econ-1,385,,,,,,
996,rsp996-3,SLV,1 2 12,1,1,4,1,0,,econ-reun-2,606,,,,,,
998,rsp998-1,SLV,12,1,1,4,1,0,,reun-1,465,,,,,,
998,rsp998-2,SLV,12,1,1,4,1,0,,reun-1,477,,,,,,
999,rsp999,SLV,16 12 11,1,2,4,1,0,,sec-reun-oth-3,1463,,,,,,
1000,rsp1000,SLV,1 2 16,1,2,3,1,1,0,econ-oth-2,399,y,Miguel,29,M,"Miguel formerly performed informal work in El Salvador, but he now owns his own business in the US.",
1001,rsp1001,SLV,1 2 6,1,2,1,0,,,econ-1,386,,,,,,
1002,rsp1002,SLV,1,1,2,3,1,0,,econ-1,387,,,,,,
1006,rsp1006,SLV,2 1 11,1,1,4,1,1,0,econ-sec-2,134,,,,,,
1007,rsp1007,SLV,2 1 7,1,1,4,0,,,econ-1,390,,,,,,
1009,rsp1009-2,SLV,1 2 8,1,1,3,1,0,,econ-1,391,,,,,,
1009,rsp1009-1,SLV,12,1,1,3,1,0,,reun-1,521,,,,,,
1009,rsp1009-3,SLV,12,1,1,3,1,0,,reun-1,533,,,,,,
1009,rsp1009-4,SLV,12,1,1,3,1,0,,reun-1,577,,,,,,
1009,rsp1009-5,SLV,12,1,1,3,1,0,,reun-1,589,,,,,,
1011,rsp1011,SLV,1 11,1,2,3,0,,,econ-sec-2,138,,,,,,
1014,rsp1014,SLV,1 6 7,1,2,3,1,0,,econ-1,392,,,,,,
1016,rsp1016,SLV,1 2 6,1,1,5,0,,,econ-1,393,,,,,,
1017,rsp1017,SLV,11 2 1,1,2,4,1,0,,econ-sec-2,190,,,,,,
1020,rsp1020,SLV,8 2 1,1,1,4,0,,,econ-1,394,,,,,,
1022,rsp1022,SLV,11,1,1,2,0,,,sec-1,192,,,,,,
1023,rsp1023,SLV,12 13,1,1,5,0,,,reun-oth-2,232,,,,,,
1024,rsp1024,SLV,1 8 7,1,2,3,1,0,,econ-1,395,,,,,,
1025,rsp1025,SLV,1 7,1,2,4,1,0,,econ-1,396,,,,,,
1028,rsp1028,SLV,1 8 2,1,2,4,1,0,,econ-1,397,,,,,,
1029,rsp1029-1,SLV,1 2,1,2,4,1,0,,econ-1,398,,,,,,
1029,rsp1029-2,SLV,1 2 8,1,2,4,1,0,,econ-1,403,,,,,,
1030,rsp1030-1,SLV,7 6 11,1,2,3,1,0,,econ-sec-2,194,,,,,,
1030,rsp1030-2,SLV,7,1,2,3,1,0,,econ-1,404,,,,,,
1032,rsp1032,SLV,2 8 6,1,3,3,1,0,,econ-1,405,,,,,,
1033,rsp1033-1,SLV,1,1,2,4,1,0,,econ-1,406,,,,,,
1033,rsp1033-2,SLV,12,1,2,4,1,0,,reun-1,633,,,,,,
1034,rsp1034,SLV,1,1,2,3,1,0,,econ-1,407,,,,,,
1036,rsp1036,SLV,1,1,1,3,0,,,econ-1,408,,,,,,
1037,rsp1037-1,SLV,11,1,2,4,1,0,,sec-1,247,,,,,,
1037,rsp1037-2,SLV,11,1,2,4,1,0,,sec-1,302,,,,,,
1039,rsp1039-1,SLV,11,1,1,4,1,0,,sec-1,358,,,,,,
1039,rsp1039-2,SLV,8 11 12,1,1,4,1,0,,econ-sec-reun-3,887,,,,,,
1046,rsp1046,SLV,2 8,1,2,4,0,,,econ-1,410,,,,,,
1048,rsp1048,SLV,2 6 7,1,1,1,0,,,econ-1,411,,,,,,
1052,rsp1052,SLV,1 11,1,3,4,1,0,,econ-sec-2,245,y,Ana,29,F,Ana's family is food insecure and struggling to cover basic expenses. 45.6% of families in the study were food insecure.,
1055,rsp1055,SLV,1 2,1,2,2,1,0,,econ-1,412,,,,,,
1059,rsp1059,HND,1 6 8,1,2,4,1,0,,econ-1,414,,,,,,
1061,rsp1061-1,SLV,11 1,1,2,1,1,0,,econ-sec-2,249,,,,,,
1061,rsp1061-2,SLV,11 1,1,2,1,1,0,,econ-sec-2,300,,,,,,
1061,rsp1061-5,SLV,11 1,1,2,1,1,0,,econ-sec-2,304,,,,,,
1061,rsp1061-6,SLV,11 1,1,2,1,1,0,,econ-sec-2,356,,,,,,
1061,rsp1061-7,SLV,11 1,1,2,1,1,0,,econ-sec-2,360,,,,,,
1061,rsp1061-3,SLV,11,1,2,1,1,0,,sec-1,415,,,,,,
1061,rsp1061-4,SLV,11,1,2,1,1,0,,sec-1,439,,,,,,
1063,rsp1063,SLV,1,1,2,4,1,0,,econ-1,416,,,,,,
1067,rsp1067,SLV,1 8,1,1,4,1,0,,econ-1,418,,,,,,
1069,rsp1069,SLV,1 7,1,1,5,1,0,,econ-1,419,,,,,,
1070,rsp1070,SLV,11,1,1,2,0,,,sec-1,472,,,,,,
1074,rsp1074-2,SLV,1 2 11,1,2,4,1,1,1,econ-sec-2,383,,,,,,
1074,rsp1074-1,SLV,11,1,2,4,1,1,1,sec-1,494,,,,,,
1080,rsp1080,SLV,1 11,1,1,4,0,,,econ-sec-2,413,,,,,,
1081,rsp1081,HND,2 6 8,1,2,2,1,0,,econ-1,420,,,,,,
1083,rsp1083-1,SLV,1 8,1,1,4,0,,,econ-1,422,,,,,,
1083,rsp1083-2,SLV,1 8,1,1,4,0,,,econ-1,423,,,,,,
1090,rsp1090,SLV,1,1,1,4,1,0,,econ-1,424,,,,,,
1094,rsp1094,SLV,11,1,1,3,0,,,sec-1,528,,,,,,
1098,rsp1098-1,SLV,1 7 8,1,1,4,0,,,econ-1,425,,,,,,
1098,rsp1098-2,SLV,12,1,1,4,0,,,reun-1,645,,,,,,
1106,rsp1106-1,HND,1 2,1,2,3,0,,,econ-1,426,,,,,,
1106,rsp1106-2,HND,1 2,1,2,3,0,,,econ-1,427,,,,,,
1108,rsp1108,HND,1 2 7,1,1,3,0,,,econ-1,428,,,,,,
1112,rsp1112-1,GT,1 7 8,1,2,3,0,,,econ-1,429,,,,,,
1112,rsp1112-2,GT,1 7 8,1,2,3,0,,,econ-1,430,,,,,,
1112,rsp1112-3,GT,1 2 7,1,2,3,0,,,econ-1,431,,,,,,
1113,rsp1113,GT,1 7 6,1,1,4,1,0,,econ-1,433,,,,,,
1115,rsp1115,HND,1,1,2,1,1,0,,econ-1,434,,,,,,
1116,rsp1116,HND,8,1,1,3,1,1,1,econ-1,435,,,,,,
1118,rsp1118,HND,1 2,1,2,4,0,,,econ-1,441,,,,,,
1120,rsp1120-1,HND,1 11,1,1,1,1,0,,econ-sec-2,417,,,,,,
1120,rsp1120-3,HND,1 11,1,1,1,1,0,,econ-sec-2,440,,,,,,
1120,rsp1120-2,HND,11,1,1,1,1,0,,sec-1,583,,,,,,
1123,rsp1123,GT,1 7,1,2,3,1,1,1,econ-1,442,,,,,,
1124,rsp1124,GT,2,1,1,5,0,,,econ-1,443,,,,,,
1131,rsp1131,SLV,2 1 8,1,2,3,0,,,econ-1,444,,,,,,
1133,rsp1133,SLV,1 5 7,1,2,3,1,0,,econ-clim-2,102,,,,,,
1141,rsp1141,HND,1 6 8,1,2,1,1,0,,econ-1,446,,,,,,
1142,rsp1142,SLV,15,1,2,3,1,0,,oth-1,291,,,,,,
1145,rsp1145,SLV,7 6 14,1,1,3,1,0,,econ-oth-2,402,,,,,,
1146,rsp1146-2,HND,1 7 12,1,1,4,0,,,econ-reun-2,607,,,,,,
1146,rsp1146-1,HND,12,1,1,4,0,,,reun-1,662,,,,,,
1147,rsp1147,SLV,12,1,2,4,1,1,0,reun-1,663,,,,,,
1156,rsp1156,SLV,1 8 7,1,1,4,0,,,econ-1,447,,,,,,
1158,rsp1158,GT,1 6 7,1,2,4,1,0,,econ-1,448,,,,,,
1161,rsp1161,HND,1 2 11,1,2,2,0,,,econ-sec-2,470,,,,,,
1164,rsp1164,HND,1 3 7,1,1,2,1,0,,econ-clim-2,103,,,,,,
1173,rsp1173,GT,14,1,1,3,0,,,oth-1,320,,,,,,
1174,rsp1174,GT,1 7,1,2,4,1,0,,econ-1,449,,,,,,
1178,rsp1178-1,GT,15,1,2,4,0,,,oth-1,333,,,,,,
1178,rsp1178-2,GT,15,1,2,4,0,,,oth-1,343,,,,,,
1185,rsp1185,HND,1 2,1,2,5,1,0,,econ-1,450,,,,,,
1191,rsp1191,GT,1 8 7,1,1,4,1,0,,econ-1,451,,,,,,
1195,rsp1195,GT,8 6 1,1,1,5,1,1,1,econ-1,452,,,,,,
1198,rsp1198,GT,1,1,1,2,1,0,,econ-1,453,,,,,,
1202,rsp1202,HND,1 8,1,1,1,1,0,,econ-1,454,,,,,,
1204,rsp1204,GT,1,1,1,6,0,,,econ-1,455,,,,,,
1208,rsp1208,GT,1,1,1,1,1,0,,econ-1,458,,,,,,
1210,rsp1210,HND,1,1,1,5,1,1,1,econ-1,459,,,,,,
1214,rsp1214-1,GT,1 7,1,3,4,1,1,1,econ-1,460,,,,,,
1214,rsp1214-2,GT,1,1,3,4,1,1,1,econ-1,461,,,,,,
1219,rsp1219,GT,1 2 8,1,2,5,1,1,1,econ-1,462,,,,,,
1238,rsp1238,GT,1 2 3,1,1,2,0,,,econ-clim-2,104,,,,,,
1239,rsp1239,GT,2,1,1,4,1,0,,econ-1,463,,,,,,
1243,rsp1243,GT,2,1,1,4,0,,,econ-1,464,,,,,,
1249,rsp1249,GT,9,1,3,3,0,,,oth-1,346,y,Luis,37,M,"Luis cited wanting a better quality of life as a motivation to migrate, he wanted more opportunities to educate himself.",
1261,rsp1261,GT,12 15 16,1,1,5,1,0,,reun-oth-2,234,y,Juana,70,F,"Juana was able to reunite with her family in the US, where they own a business.",
1263,rsp1263,GT,1 2 8,1,1,5,0,,,econ-1,467,,,,,,
1265,rsp1265,GT,2 8 1,1,1,1,0,,,econ-1,468,,,,,,
1266,rsp1266-1,GT,2 1,1,2,1,99,,,econ-1,469,,,,,,
1266,rsp1266-2,GT,1 2,1,2,1,99,,,econ-1,471,,,,,,
1269,rsp1269,HND,1 7 8,1,2,4,0,,,econ-1,473,,,,,,
1273,rsp1273-1,HND,6,1,2,3,0,,,econ-1,475,,,,,,
1273,rsp1273-2,HND,1,1,2,3,0,,,econ-1,476,,,,,,
1278,rsp1278,GT,1,1,1,5,0,,,econ-1,478,y,Francisco,80,M,66.4% of Guatemalans don't want to leave because they don't want their families to be separated.,
1282,rsp1282,GT,1,1,2,4,1,0,,econ-1,479,,,,,,
1288,rsp1288,HND,1 7 11,1,1,1,1,0,,econ-sec-2,474,,,,,,
1291,rsp1291,HND,1 2 6,1,1,1,0,,,econ-1,480,,,,,,
1296,rsp1296,GT,7,1,2,4,1,1,0,econ-1,481,,,,,,
1297,rsp1297,GT,1,1,2,2,1,0,,econ-1,482,,,,,,
1298,rsp1298,GT,1 7,1,2,1,1,0,,econ-1,483,,,,,,
1299,rsp1299,GT,1,1,2,3,1,1,0,econ-1,484,,,,,,
1302,rsp1302,GT,1,1,1,2,0,,,econ-1,485,,,,,,
1310,rsp1310,HND,15,1,1,2,1,1,0,oth-1,376,,,,,,
1315,rsp1315-1,HND,1,1,1,3,0,,,econ-1,486,,,,,,
1315,rsp1315-2,HND,1,1,1,3,0,,,econ-1,487,,,,,,
1315,rsp1315-3,HND,1,1,1,3,0,,,econ-1,489,,,,,,
1315,rsp1315-4,HND,1,1,1,3,0,,,econ-1,490,,,,,,
1315,rsp1315-5,HND,1,1,1,3,0,,,econ-1,491,,,,,,
1315,rsp1315-6,HND,1,1,1,3,0,,,econ-1,492,,,,,,
1326,rsp1326,SLV,1 2,1,2,1,0,,,econ-1,497,,,,,,
1334,rsp1334,SLV,1 8,1,3,1,1,0,,econ-1,498,,,,,,
1335,rsp1335-1,SLV,1,1,2,5,0,,,econ-1,499,,,,,,
1335,rsp1335-2,SLV,1,1,2,5,0,,,econ-1,500,,,,,,
1341,rsp1341-1,SLV,2 1 7,1,1,4,1,0,,econ-1,502,,,,,,
1341,rsp1341-2,SLV,12,1,1,4,1,0,,reun-1,689,,,,,,
1343,rsp1343-1,SLV,1 10,1,1,4,1,0,,econ-sec-2,493,,,,,,
1343,rsp1343-2,SLV,12,1,1,4,1,0,,reun-1,701,,,,,,
1344,rsp1344,SLV,1 11,1,2,5,0,,,econ-sec-2,526,,,,,,
1348,rsp1348,SLV,1 2 6,1,2,4,1,0,,econ-1,503,,,,,,
1349,rsp1349,SLV,1,1,2,4,1,0,,econ-1,504,,,,,,
1350,rsp1350-1,SLV,1 7,1,3,4,1,0,,econ-1,505,,,,,,
1350,rsp1350-2,SLV,1 7,1,3,4,1,0,,econ-1,506,,,,,,
1351,rsp1351,SLV,11,1,1,4,1,0,,sec-1,638,,,,,,
1358,rsp1358-6,SLV,99,1,2,1,1,1,0,oth-1,389,,,,,,
1358,rsp1358-1,SLV,15 9,1,2,1,1,1,0,econ-oth-2,437,,,,,,
1358,rsp1358-2,SLV,11 8 1,1,2,1,1,1,0,econ-sec-2,530,,,,,,
1358,rsp1358-3,SLV,11 1,1,2,1,1,1,0,econ-sec-2,550,,,,,,
1358,rsp1358-4,SLV,11 1 6,1,2,1,1,1,0,econ-sec-2,581,,,,,,
1358,rsp1358-5,SLV,11 1 12,1,2,1,1,1,0,econ-sec-reun-3,1071,,,,,,
1359,rsp1359-1,SLV,1 2 8,1,3,4,1,0,,econ-1,507,,,,,,
1359,rsp1359-2,SLV,1 2 8,1,3,4,1,0,,econ-1,508,,,,,,
1361,rsp1361,SLV,1 2 8,1,3,2,0,,,econ-1,509,,,,,,
1363,rsp1363-1,SLV,1 8,1,3,2,1,0,,econ-1,510,,,,,,
1363,rsp1363-2,SLV,1 2 8,1,3,2,1,0,,econ-1,511,,,,,,
1364,rsp1364,SLV,12 8 15,1,1,2,1,0,,econ-reun-oth-3,159,,,,,,
1371,rsp1371-1,SLV,12,1,1,4,1,1,1,reun-1,717,,,,,,
1371,rsp1371-2,SLV,12,1,1,4,1,1,1,reun-1,720,,,,,,
1381,rsp1381,SLV,2 1,1,1,3,1,0,,econ-1,514,,,,,,
1385,rsp1385-1,SLV,11,1,1,4,0,,,sec-1,680,,,,,,
1385,rsp1385-2,SLV,11,1,1,4,0,,,sec-1,694,,,,,,
1397,rsp1397-2,SLV,12 16,1,2,3,1,0,,reun-oth-2,287,,,,,,
1397,rsp1397-3,SLV,12 16,1,2,3,1,0,,reun-oth-2,290,,,,,,
1397,rsp1397-1,SLV,2 1,1,2,3,1,0,,econ-1,515,,,,,,
1398,rsp1398-1,SLV,16 11,1,2,1,0,,,sec-oth-2,905,,,,,,
1398,rsp1398-2,SLV,11 16,1,2,1,0,,,sec-oth-2,959,,,,,,
1398,rsp1398-3,SLV,11 16,1,2,1,0,,,sec-oth-2,961,,,,,,
1400,rsp1400,SLV,1 16,1,2,4,1,1,1,econ-oth-2,456,,,,,,
1402,rsp1402,SLV,9,1,1,2,0,,,oth-1,400,,,,,,
1406,rsp1406,SLV,12,1,1,5,1,0,,reun-1,745,,,,,,
1407,rsp1407-2,SLV,11 1,1,1,4,0,,,econ-sec-2,585,,,,,,
1407,rsp1407-1,SLV,12 1,1,1,4,0,,,econ-reun-2,661,,,,,,
1410,rsp1410-1,SLV,11,1,2,4,1,0,,sec-1,751,,,,,,
1410,rsp1410-2,SLV,11,1,2,4,1,0,,sec-1,808,,,,,,
1410,rsp1410-3,SLV,11,1,2,4,1,0,,sec-1,864,,,,,,
1410,rsp1410-4,SLV,11,1,2,4,1,0,,sec-1,919,,,,,,
1411,rsp1411-3,SLV,1 16,1,2,3,1,1,0,econ-oth-2,457,,,,,,
1411,rsp1411-1,SLV,1,1,2,3,1,1,0,econ-1,516,,,,,,
1411,rsp1411-2,SLV,11,1,2,3,1,1,0,sec-1,974,,,,,,
1412,rsp1412-1,SLV,11 8 1,1,1,3,0,,,econ-sec-2,625,,,,,,
1412,rsp1412-2,SLV,12,1,1,3,0,,,reun-1,757,,,,,,
1412,rsp1412-3,SLV,12,1,1,3,0,,,reun-1,772,,,,,,
1412,rsp1412-4,SLV,12,1,1,3,0,,,reun-1,777,,,,,,
1416,rsp1416,SLV,1 7,1,2,4,1,1,0,econ-1,517,,,,,,
1417,rsp1417,SLV,12 1,1,2,3,1,0,,econ-reun-2,664,,,,,,
1418,rsp1418-1,SLV,1 3 11,1,2,4,1,0,,econ-clim-sec-3,774,,,,,,
1418,rsp1418-2,SLV,11 12,1,2,4,1,0,,sec-reun-2,1128,,,,,,
1421,rsp1421,SLV,1 12,1,2,3,1,1,1,econ-reun-2,716,,,,,,
1422,rsp1422-2,SLV,2 16,1,1,3,1,0,,econ-oth-2,496,,,,,,
1422,rsp1422-3,SLV,2,1,1,3,1,0,,econ-1,518,,,,,,
1422,rsp1422-1,SLV,12,1,1,3,1,0,,reun-1,801,,,,,,
1425,rsp1425,SLV,2,1,3,4,0,,,econ-1,519,,,,,,
1426,rsp1426-1,SLV,9 12,1,2,3,1,0,,reun-oth-2,344,,,,,,
1426,rsp1426-2,SLV,12 9,1,2,3,1,0,,reun-oth-2,345,,,,,,
1427,rsp1427,SLV,1 11,1,2,4,1,0,,econ-sec-2,636,,,,,,
1428,rsp1428-1,SLV,1 11 7,1,2,3,1,0,,econ-sec-2,640,,,,,,
1428,rsp1428-2,SLV,11 9,1,2,3,1,0,,sec-oth-2,962,,,,,,
1428,rsp1428-3,SLV,11 9,1,2,3,1,0,,sec-oth-2,1014,,,,,,
1429,rsp1429,SLV,1 8 2,1,2,4,1,0,,econ-1,520,,,,,,
1433,rsp1433,SLV,1 2,1,1,4,1,0,,econ-1,523,,,,,,
1441,rsp1441,SLV,1,1,2,2,1,0,,econ-1,524,,,,,,
1443,rsp1443,SLV,11 1,1,1,4,0,,,econ-sec-2,692,,,,,,
1447,rsp1447,SLV,1,1,1,5,0,,,econ-1,525,,,,,,
1450,rsp1450,SLV,12 1 9,1,2,2,1,0,,econ-reun-oth-3,214,,,,,,
1453,rsp1453-1,SLV,1 6 7,1,1,5,1,0,,econ-1,527,,,,,,
1453,rsp1453-2,SLV,1 9,1,1,5,1,0,,econ-oth-2,551,,,,,,
1453,rsp1453-3,SLV,1 12,1,1,5,1,0,,econ-reun-2,718,,,,,,
1454,rsp1454,SLV,11 1,1,1,3,1,0,,econ-sec-2,696,,,,,,
1461,rsp1461-1,HND,9,1,1,4,0,,,oth-1,401,,,,,,
1461,rsp1461-2,HND,1,1,1,4,0,,,econ-1,529,,,,,,
1465,rsp1465,SLV,1 2 8,1,1,2,1,0,,econ-1,531,,,,,,
1469,rsp1469,SLV,1 2 8,1,2,4,1,0,,econ-1,532,,,,,,
1473,rsp1473,SLV,2 1,1,2,4,1,0,,econ-1,534,,,,,,
1476,rsp1476,SLV,16,1,1,4,0,,,oth-1,432,,,,,,
1477,rsp1477-1,SLV,12,1,2,3,1,0,,reun-1,813,,,,,,
1477,rsp1477-2,SLV,12,1,2,3,1,0,,reun-1,827,,,,,,
1478,rsp1478,SLV,11,1,1,1,1,0,,sec-1,1030,,,,,,
1479,rsp1479,SLV,1 7,1,1,2,1,1,1,econ-1,535,,,,,,
1481,rsp1481-1,SLV,2 1 11,1,1,5,1,0,,econ-sec-2,749,,,,,,
1481,rsp1481-2,SLV,11 1,1,1,5,1,0,,econ-sec-2,753,,,,,,
1483,rsp1483,HND,2,1,1,4,1,0,,econ-1,536,,,,,,
1484,rsp1484,HND,8 1,1,2,2,0,,,econ-1,537,,,,,,
1488,rsp1488,SLV,2 6 7,1,1,4,1,0,,econ-1,538,,,,,,
1489,rsp1489,SLV,1,1,1,3,0,,,econ-1,539,,,,,,
1491,rsp1491,SLV,1,1,3,4,0,,,econ-1,540,,,,,,
1493,rsp1493-1,SLV,2 1,1,2,3,0,,,econ-1,541,,,,,,
1493,rsp1493-2,SLV,2 1 8,1,2,3,0,,,econ-1,542,,,,,,
1494,rsp1494,SLV,12,1,1,1,0,,,reun-1,828,,,,,,
1495,rsp1495,SLV,1 8,1,2,3,1,0,,econ-1,543,,,,,,
1503,rsp1503,SLV,1 6,1,1,4,0,,,econ-1,545,,,,,,
1504,rsp1504,SLV,6 8,1,2,4,1,0,,econ-1,546,,,,,,
1505,rsp1505,GT,1 2,1,2,4,1,0,,econ-1,547,,,,,,
1510,rsp1510,SLV,1 7,1,2,4,1,0,,econ-1,548,,,,,,
1516,rsp1516,SLV,9 11,1,1,2,0,,,sec-oth-2,1018,,,,,,
1521,rsp1521,SLV,12,1,2,4,0,,,reun-1,833,,,,,,
1530,rsp1530,HND,1 2 7,1,1,4,1,1,1,econ-1,549,,,,,,
1533,rsp1533-2,HND,99,1,2,4,1,1,0,oth-1,438,,,,,,
1533,rsp1533-1,HND,1 2,1,2,4,1,1,0,econ-1,552,,,,,,
1538,rsp1538,HND,1 2,1,2,4,0,,,econ-1,553,,,,,,
1539,rsp1539,HND,1,1,2,4,0,,,econ-1,554,,,,,,
1542,rsp1542-1,HND,1 7 6,1,2,4,1,0,,econ-1,555,,,,,,
1542,rsp1542-2,HND,1 2,1,2,4,1,0,,econ-1,556,,,,,,
1545,rsp1545,GT,1 6,1,1,3,0,,,econ-1,558,,,,,,
1546,rsp1546,GT,1 3 7,1,2,4,0,,,econ-clim-2,156,,,,,,
1550,rsp1550,GT,1 2,1,2,3,0,,,econ-1,559,,,,,,
1555,rsp1555,GT,1,1,1,4,0,,,econ-1,560,,,,,,
1564,rsp1564,GT,9,1,2,1,1,0,,oth-1,445,y,Carmen,36,F,Carmen said her main motivation was a better quality of life, her family's current income does not cover their basic expenses.
1569,rsp1569-1,GT,1 7,1,1,2,1,0,,econ-1,561,,,,,,
1569,rsp1569-2,GT,1,1,1,2,1,0,,econ-1,562,,,,,,
1573,rsp1573,GT,1 2 6,1,1,4,1,1,0,econ-1,563,,,,,,
1575,rsp1575,GT,1 2 6,1,2,4,0,,,econ-1,564,,,,,,
1583,rsp1583,GT,1 8,1,2,4,0,,,econ-1,565,,,,,,
1601,rsp1601-1,GT,1 6 7,1,2,2,0,,,econ-1,566,,,,,,
1601,rsp1601-2,GT,1 6,1,2,2,0,,,econ-1,571,,,,,,
1605,rsp1605,GT,2 7 8,1,2,4,0,,,econ-1,572,,,,,,
1610,rsp1610,GT,1 2,1,1,5,1,0,,econ-1,573,,,,,,
1613,rsp1613,HND,1 7 8,1,3,5,1,0,,econ-1,574,,,,,,
1614,rsp1614,HND,1 12,1,2,4,1,1,1,econ-reun-2,719,,,,,,
1620,rsp1620,GT,8,1,1,6,0,,,econ-1,575,,,,,,
1621,rsp1621,GT,1,1,1,5,0,,,econ-1,576,,,,,,
1628,rsp1628,GT,1,1,2,4,1,0,,econ-1,578,,,,,,
1631,rsp1631,GT,1 2 6,1,1,2,0,,,econ-1,579,,,,,,
1639,rsp1639-1,GT,1 2,1,1,2,0,,,econ-1,580,,,,,,
1639,rsp1639-2,GT,1 6,1,1,2,0,,,econ-1,582,,,,,,
1639,rsp1639-3,GT,1 2 7,1,1,2,0,,,econ-1,584,,,,,,
1640,rsp1640,GT,1 7,1,2,3,0,,,econ-1,586,,,,,,
1642,rsp1642,GT,1 2 7,1,3,2,0,,,econ-1,587,,,,,,
1643,rsp1643-1,GT,1 2 7,1,2,4,1,1,1,econ-1,588,,,,,,
1643,rsp1643-2,GT,1 2 7,1,2,4,1,1,1,econ-1,590,,,,,,
1645,rsp1645,GT,1 7,1,1,1,0,,,econ-1,591,,,,,,
1655,rsp1655-1,GT,1,1,1,4,1,0,,econ-1,592,,,,,,
1655,rsp1655-2,GT,1 7,1,1,4,1,0,,econ-1,593,,,,,,
1655,rsp1655-3,GT,1,1,1,4,1,0,,econ-1,594,,,,,,
1655,rsp1655-4,GT,1 7 12,1,1,4,1,0,,econ-reun-2,721,,,,,,
1656,rsp1656,GT,1,1,1,5,1,1,0,econ-1,590,,,,,,
1660,rsp1660-1,GT,1 7 6,1,2,3,1,1,0,econ-1,591,,,,,,
1660,rsp1660-2,GT,1 7 6,1,2,3,1,1,0,econ-1,592,,,,,,
1660,rsp1660-3,GT,1 7 6,1,2,3,1,1,0,econ-1,593,,,,,,
1660,rsp1660-4,GT,1 6 7,1,2,3,1,1,0,econ-1,594,,,,,,
1661,rsp1661,GT,1 7,1,1,4,0,,,econ-1,595,,,,,,
1670,rsp1670,GT,1,1,2,1,1,0,,econ-1,596,,,,,,
1671,rsp1671,GT,1,1,2,2,0,,,econ-1,597,,,,,,
1672,rsp1672,GT,1,1,2,1,0,,,econ-1,598,,,,,,
1673,rsp1673,GT,1 2 7,1,2,1,1,1,0,econ-1,599,,,,,,
1677,rsp1677-1,GT,1 2,1,2,1,0,,,econ-1,601,,,,,,
1677,rsp1677-2,GT,1 2 7,1,2,1,0,,,econ-1,602,,,,,,
1678,rsp1678-1,GT,1 7,1,2,4,0,,,econ-1,603,,,,,,
1678,rsp1678-2,GT,1,1,2,4,0,,,econ-1,604,,,,,,
1683,rsp1683,GT,2 1,1,2,1,1,0,,econ-1,605,,,,,,
1689,rsp1689,HND,2,1,1,2,1,0,,econ-1,608,,,,,,
1690,rsp1690,HND,2,1,2,3,1,0,,econ-1,609,,,,,,
1694,rsp1694,HND,1 2 8,1,2,4,0,,,econ-1,610,,,,,,
1697,rsp1697,SLV,1 11 7,1,2,4,1,1,0,econ-sec-2,775,,,,,,
1704,rsp1704-4,GT,1 3 6,1,2,4,0,,,econ-clim-2,157,,,,,,
1704,rsp1704-1,GT,1 2 6,1,2,4,0,,,econ-1,611,,,,,,
1704,rsp1704-2,GT,6 9,1,2,4,0,,,econ-oth-2,644,,,,,,
1704,rsp1704-3,GT,9 6 7,1,2,4,0,,,econ-oth-2,700,,,,,,
1712,rsp1712-1,SLV,1 2,1,2,4,1,0,,econ-1,612,,,,,,
1712,rsp1712-2,SLV,1 2,1,2,4,1,0,,econ-1,614,,,,,,
1712,rsp1712-3,SLV,1 2,1,2,4,1,0,,econ-1,615,,,,,,
1718,rsp1718,SLV,11,1,2,3,0,,,sec-1,1087,,,,,,
1724,rsp1724-2,SLV,1 2 8,1,1,1,1,0,,econ-1,616,,,,,,
1724,rsp1724-1,SLV,11,1,1,1,1,0,,sec-1,1144,,,,,,
1726,rsp1726,SLV,1 8,1,1,4,1,0,,econ-1,617,,,,,,
1730,rsp1730,SLV,7,1,1,1,1,0,,econ-1,618,,,,,,
1739,rsp1739-1,HND,1 2 6,1,3,4,1,0,,econ-1,619,,,,,,
1739,rsp1739-2,HND,1 2 6,1,3,4,1,0,,econ-1,620,,,,,,
1743,rsp1743-1,HND,2,1,1,4,1,0,,econ-1,621,,,,,,
1743,rsp1743-2,HND,2,1,1,4,1,0,,econ-1,628,,,,,,
1744,rsp1744,HND,1 2 6,1,2,1,1,0,,econ-1,629,,,,,,
1749,rsp1749-2,SLV,1 3 8,1,2,4,1,0,,econ-clim-2,160,,,,,,
1749,rsp1749-1,SLV,1,1,2,4,1,0,,econ-1,630,,,,,,
1761,rsp1761,SLV,1 7,1,2,4,1,0,,econ-1,631,,,,,,
1763,rsp1763,SLV,1 2 8,1,2,4,1,0,,econ-1,632,,,,,,
1764,rsp1764-1,SLV,1 7,1,1,4,0,,,econ-1,634,,,,,,
1764,rsp1764-2,SLV,2 7 8,1,1,4,0,,,econ-1,635,,,,,,
1766,rsp1766-1,SLV,1 6 2,1,2,4,1,0,,econ-1,637,,,,,,
1766,rsp1766-2,SLV,1 6,1,2,4,1,0,,econ-1,639,,,,,,
1766,rsp1766-3,SLV,1 6,1,2,4,1,0,,econ-1,641,,,,,,
1767,rsp1767,SLV,1 2 8,1,1,5,1,1,1,econ-1,642,,,,,,
1770,rsp1770,SLV,14 1,1,2,2,1,0,,econ-oth-2,802,,,,,,
1771,rsp1771,SLV,1 6 7,1,2,3,1,0,,econ-1,643,,,,,,
1772,rsp1772,SLV,1 7 8,1,2,3,1,1,0,econ-1,646,,,,,,
1782,rsp1782,SLV,11,1,2,4,1,0,,sec-1,1200,,,,,,
1786,rsp1786,SLV,1 2 8,1,2,1,0,,,econ-1,647,,,,,,
1789,rsp1789-2,SLV,1 3 2,1,1,1,1,0,,econ-clim-2,161,,,,,,
1789,rsp1789-1,SLV,1 7 6,1,1,1,1,0,,econ-1,648,,,,,,
1798,rsp1798-1,SLV,1 7,1,1,2,1,0,,econ-1,649,,,,,,
1798,rsp1798-2,SLV,7 1,1,1,2,1,0,,econ-1,650,,,,,,
1799,rsp1799-1,SLV,1 7,1,1,4,1,1,1,econ-1,651,,,,,,
1799,rsp1799-2,SLV,1 7,1,1,4,1,1,1,econ-1,652,,,,,,
1800,rsp1800-1,SLV,16,1,1,1,1,0,,oth-1,488,,,,,,
1800,rsp1800-2,SLV,2 1,1,1,1,1,0,,econ-1,653,,,,,,
1803,rsp1803,SLV,12,1,1,2,1,1,0,reun-1,834,,,,,,
1804,rsp1804,SLV,1,1,2,1,1,0,,econ-1,654,,,,,,
1820,rsp1820,HND,1 8,1,2,4,0,,,econ-1,655,,,,,,
1824,rsp1824-1,HND,1 2,1,2,3,0,,,econ-1,657,,,,,,
1824,rsp1824-2,HND,6,1,2,3,0,,,econ-1,658,,,,,,
1825,rsp1825-1,HND,1 3 6,1,2,4,1,1,1,econ-clim-2,212,,,,,,
1825,rsp1825-2,HND,1 2,1,2,4,1,1,1,econ-1,659,,,,,,
1825,rsp1825-3,HND,1 2,1,2,4,1,1,1,econ-1,660,,,,,,
1829,rsp1829,HND,1 6,1,1,3,0,,,econ-1,665,,,,,,
1830,rsp1830,SLV,1,1,1,4,1,1,1,econ-1,666,,,,,,
1838,rsp1838,SLV,1,1,1,4,1,0,,econ-1,667,,,,,,
1839,rsp1839,HND,1 11,1,1,1,1,0,,econ-sec-2,806,,,,,,
1840,rsp1840,HND,1 11,1,2,4,1,1,0,econ-sec-2,810,,,,,,
1848,rsp1848-1,HND,2 7 6,1,2,3,1,1,1,econ-1,668,,,,,,
1848,rsp1848-2,HND,2 7,1,2,3,1,1,1,econ-1,670,,,,,,
1848,rsp1848-3,HND,2 7,1,2,3,1,1,1,econ-1,671,,,,,,
1857,rsp1857,GT,1 7,1,2,3,0,,,econ-1,672,,,,,,
1859,rsp1859,GT,7 8,1,2,3,0,,,econ-1,673,,,,,,
1861,rsp1861-1,GT,12,1,1,4,0,,,reun-1,857,,,,,,
1861,rsp1861-2,GT,12,1,1,4,0,,,reun-1,869,,,,,,
1863,rsp1863-1,GT,12,1,1,5,1,0,,reun-1,884,,,,,,
1863,rsp1863-2,GT,12,1,1,5,1,0,,reun-1,889,,,,,,
1864,rsp1864,GT,12,1,1,5,0,,,reun-1,913,,,,,,
1875,rsp1875,GT,1 8,1,2,3,1,0,,econ-1,674,,,,,,
1885,rsp1885,GT,1 2 6,1,1,4,0,,,econ-1,675,,,,,,
1891,rsp1891,GT,1 8,1,1,2,0,,,econ-1,676,,,,,,
1892,rsp1892,GT,2 1 8,1,1,2,0,,,econ-1,677,,,,,,
1893,rsp1893,GT,2,1,1,1,1,0,,econ-1,684,,,,,,
1906,rsp1906,GT,1,1,2,4,1,0,,econ-1,685,,,,,,
1918,rsp1918,GT,1,1,1,5,1,0,,econ-1,686,,,,,,
1921,rsp1921-1,GT,1,1,1,2,0,,,econ-1,687,,,,,,
1921,rsp1921-2,GT,1,1,1,2,0,,,econ-1,688,,,,,,
1922,rsp1922,GT,1 2,1,2,3,1,1,1,econ-1,690,,,,,,
1923,rsp1923,GT,1,1,1,5,1,1,1,econ-1,691,,,,,,
1926,rsp1926-3,GT,1,1,1,6,1,0,,econ-1,693,,,,,,
1926,rsp1926-1,GT,12,1,1,6,1,0,,reun-1,925,,,,,,
1926,rsp1926-2,GT,12,1,1,6,1,0,,reun-1,941,,,,,,
1931,rsp1931,GT,1 7 8,1,2,1,1,0,,econ-1,695,,,,,,
1944,rsp1944,GT,1 7 8,1,1,3,1,0,,econ-1,697,,,,,,
1947,rsp1947-1,GT,1,1,1,1,1,0,,econ-1,698,,,,,,
1947,rsp1947-2,GT,1,1,1,1,1,0,,econ-1,699,,,,,,
1951,rsp1951-2,GT,1 3,1,2,3,1,0,,econ-clim-2,213,,,,,,
1951,rsp1951-4,GT,99,1,2,3,1,0,,oth-1,495,,,,,,
1951,rsp1951-1,GT,1 7,1,2,3,1,0,,econ-1,702,,,,,,
1951,rsp1951-3,GT,1 7,1,2,3,1,0,,econ-1,703,,,,,,
1952,rsp1952,GT,1 7,1,2,4,1,0,,econ-1,704,,,,,,
1958,rsp1958,GT,1 2 7,1,1,2,0,,,econ-1,705,,,,,,
1959,rsp1959,GT,1 2 7,1,1,1,1,0,,econ-1,706,,,,,,
1961,rsp1961,GT,1,1,2,5,1,1,0,econ-1,707,,,,,,
1968,rsp1968-1,GT,1,1,2,4,0,,,econ-1,708,,,,,,
1968,rsp1968-2,GT,1,1,2,4,0,,,econ-1,709,,,,,,
1968,rsp1968-3,GT,1,1,2,4,0,,,econ-1,710,,,,,,
1968,rsp1968-4,GT,1,1,2,4,0,,,econ-1,711,,,,,,
1968,rsp1968-5,GT,1,1,2,4,0,,,econ-1,713,,,,,,
1973,rsp1973-1,GT,1,1,1,5,1,0,,econ-1,714,,,,,,
1973,rsp1973-2,GT,1,1,1,5,1,0,,econ-1,715,,,,,,
1974,rsp1974,GT,1,1,1,2,1,0,,econ-1,722,,,,,,
1977,rsp1977-1,HND,1 2,1,1,4,0,,,econ-1,723,,,,,,
1977,rsp1977-2,HND,1 2,1,1,4,0,,,econ-1,724,,,,,,
1982,rsp1982-2,HND,1 2,1,2,4,1,1,0,econ-1,726,,,,,,
1982,rsp1982-1,HND,6 9,1,2,4,1,1,0,econ-oth-2,848,,,,,,
1983,rsp1983,HND,2,1,2,1,1,0,,econ-1,727,,,,,,
1986,rsp1986-1,HND,99,1,1,1,1,0,,oth-1,501,,,,,,
1986,rsp1986-2,HND,2,1,1,1,1,0,,econ-1,728,,,,,,
1986,rsp1986-3,HND,1,1,1,1,1,0,,econ-1,729,,,,,,
1987,rsp1987,HND,1 2 8,1,1,1,1,0,,econ-1,730,,,,,,
1990,rsp1990-1,HND,1,1,2,1,0,,,econ-1,731,,,,,,
1990,rsp1990-2,HND,6 1,1,2,1,0,,,econ-1,732,,,,,,
1990,rsp1990-3,HND,1,1,2,1,0,,,econ-1,733,,,,,,
1990,rsp1990-4,HND,2,1,2,1,0,,,econ-1,734,,,,,,
1990,rsp1990-5,HND,2,1,2,1,0,,,econ-1,739,,,,,,
1991,rsp1991,HND,10,1,2,3,1,1,1,sec-1,1255,,,,,,
1993,rsp1993,HND,1 2,1,1,2,0,,,econ-1,740,,,,,,
1996,rsp1996-1,SLV,16,1,2,2,1,0,,oth-1,544,,,,,,
1996,rsp1996-2,SLV,12,1,2,2,1,0,,reun-1,944,,,,,,
1996,rsp1996-3,SLV,12,1,2,2,1,0,,reun-1,969,,,,,,
1998,rsp1998-1,HND,1 2 11,1,1,4,1,1,1,econ-sec-2,862,,,,,,
1998,rsp1998-2,HND,1 2 11,1,1,4,1,1,1,econ-sec-2,866,,,,,,
1998,rsp1998-3,HND,2 1 11,1,1,4,1,1,1,econ-sec-2,886,,,,,,
2000,rsp2000,SLV,1 3 7,1,2,3,1,1,0,econ-clim-2,216,,,,,,
2001,rsp2001,SLV,1,1,2,4,0,,,econ-1,741,,,,,,
2007,rsp2007,HND,8,1,2,2,0,,,econ-1,742,,,,,,
2013,rsp2013,HND,1,1,1,1,1,1,0,econ-1,743,,,,,,
2017,rsp2017,HND,1 8,1,2,2,1,0,,econ-1,744,,,,,,
2019,rsp2019,HND,1 6,1,1,1,0,,,econ-1,746,,,,,,
2021,rsp2021,HND,2,1,1,1,1,0,,econ-1,747,,,,,,
2033,rsp2033,SLV,11,1,1,4,1,0,,sec-1,1310,,,,,,
2035,rsp2035,SLV,2 11 1,1,2,3,0,,,econ-sec-2,917,,,,,,
2036,rsp2036,SLV,1 8 7,1,2,4,1,0,,econ-1,748,,,,,,
2038,rsp2038,SLV,1 2,1,1,4,1,0,,econ-1,750,,,,,,
2047,rsp2047,SLV,15,1,1,3,0,,,oth-1,557,,,,,,
2049,rsp2049,SLV,1 2,1,2,4,0,,,econ-1,752,,,,,,
2053,rsp2053-2,SLV,1,1,2,3,1,0,,econ-1,754,,,,,,
2053,rsp2053-3,SLV,12 1,1,2,3,1,0,,econ-reun-2,771,,,,,,
2053,rsp2053-4,SLV,1 16,1,2,3,1,0,,econ-oth-2,849,,,,,,
2053,rsp2053-1,SLV,1 11 2,1,2,3,1,0,,econ-sec-2,921,,,,,,
2060,rsp2060,SLV,11 1,1,2,4,0,,,econ-sec-2,960,,,,,,
2066,rsp2066,SLV,16,1,2,4,0,,,oth-1,600,,,,,,
2078,rsp2078,SLV,1 3 8,1,2,3,1,0,,econ-clim-2,217,,,,,,
2084,rsp2084,SLV,1 2,1,2,4,1,1,0,econ-1,755,,,,,,
2088,rsp2088,SLV,1,1,1,2,1,0,,econ-1,756,,,,,,
2098,rsp2098-1,HND,1 2,1,2,1,1,99,,econ-1,758,,,,,,
2098,rsp2098-2,HND,1 2,1,2,1,1,99,,econ-1,759,,,,,,
2099,rsp2099-1,HND,1 2,1,1,3,1,0,,econ-1,760,,,,,,
2099,rsp2099-2,HND,1 7 8,1,1,3,1,0,,econ-1,761,,,,,,
2101,rsp2101,HND,1 2,1,2,4,1,0,,econ-1,762,,,,,,
2104,rsp2104,HND,1,1,2,4,1,0,,econ-1,763,,,,,,
2105,rsp2105,HND,2 7,1,2,3,1,99,,econ-1,764,,,,,,
2108,rsp2108,HND,1,1,2,4,1,0,,econ-1,765,,,,,,
2111,rsp2111-1,HND,2 1,1,2,4,1,0,,econ-1,766,,,,,,
2111,rsp2111-2,HND,1,1,2,4,1,0,,econ-1,767,,,,,,
2113,rsp2113,SLV,1 11,1,3,2,1,0,,econ-sec-2,972,,,,,,
2116,rsp2116,SLV,1 2 11,1,2,2,1,1,1,econ-sec-2,976,,,,,,
2119,rsp2119,SLV,1 2 11,1,1,3,0,,,econ-sec-2,1015,,,,,,
2122,rsp2122,SLV,1,1,3,2,1,1,0,econ-1,769,,,,,,
2138,rsp2138,SLV,12 1,1,1,1,1,0,,econ-reun-2,773,,,,,,
2149,rsp2149-1,SLV,12 15,1,2,4,0,,,reun-oth-2,1353,,,,,,
2149,rsp2149-2,SLV,12 15,1,2,4,0,,,reun-oth-2,1390,,,,,,
2156,rsp2156,SLV,1,1,2,5,0,,,econ-1,770,,,,,,
2167,rsp2167,SLV,1 2 7,1,1,3,0,,,econ-1,779,,,,,,
2176,rsp2176,HND,1 2,1,2,3,0,,,econ-1,780,,,,,,
2187,rsp2187,SLV,1 6,1,2,3,1,0,,econ-1,782,,,,,,
2189,rsp2189,HND,2 9,1,2,2,0,,,econ-oth-2,858,,,,,,
2201,rsp2201-1,GT,1,1,1,1,1,0,,econ-1,783,,,,,,
2201,rsp2201-2,GT,1,1,1,1,1,0,,econ-1,784,,,,,,
2206,rsp2206,HND,8,1,1,4,1,0,,econ-1,785,,,,,,
2212,rsp2212,HND,1 8,1,1,2,0,,,econ-1,786,,,,,,
2221,rsp2221,HND,1 6 8,1,1,1,0,,,econ-1,787,,,,,,
2226,rsp2226,HND,1,1,3,2,0,,,econ-1,788,,,,,,
2228,rsp2228,HND,1 2 6,1,2,3,99,,,econ-1,789,,,,,,
2230,rsp2230,HND,1,1,1,4,0,,,econ-1,790,,,,,,
2232,rsp2232-1,HND,12,1,1,1,0,,,reun-1,981,,,,,,
2232,rsp2232-2,HND,12,1,1,1,0,,,reun-1,998,,,,,,
2235,rsp2235,HND,2 7 8,1,1,5,0,,,econ-1,791,,,,,,
2242,rsp2242,HND,1 7 8,1,1,2,1,0,,econ-1,794,,,,,,
2243,rsp2243-1,HND,16,1,1,3,1,0,,oth-1,613,,,,,,
2243,rsp2243-2,HND,16,1,1,3,1,0,,oth-1,624,,,,,,
2243,rsp2243-3,HND,1,1,1,3,1,0,,econ-1,795,,,,,,
2244,rsp2244,HND,1 6 8,1,3,2,0,,,econ-1,796,,,,,,
2245,rsp2245-2,HND,2 1 3,1,3,2,1,0,,econ-clim-2,269,,,,,,
2245,rsp2245-1,HND,1 2 6,1,3,2,1,0,,econ-1,797,,,,,,
2246,rsp2246,HND,2 1 6,1,2,3,0,,,econ-1,798,,,,,,
2248,rsp2248,HND,1 6 8,1,2,3,0,,,econ-1,799,,,,,,
2249,rsp2249-1,HND,1 2 7,1,2,2,0,,,econ-1,800,,,,,,
2249,rsp2249-2,HND,1 2 7,1,2,2,0,,,econ-1,803,,,,,,
2250,rsp2250,HND,1 6 7,1,2,3,1,0,,econ-1,804,,,,,,
2252,rsp2252-1,HND,1 4 7,1,2,2,0,,,econ-clim-2,270,,,,,,
2252,rsp2252-2,HND,16 4 9,1,2,2,0,,,econ-oth-2,903,,,,,,
2253,rsp2253-1,HND,1 2 7,1,2,2,0,,,econ-1,805,,,,,,
2253,rsp2253-2,HND,1 7 16,1,2,2,0,,,econ-oth-2,906,,,,,,
2254,rsp2254,HND,1 2 7,1,1,2,1,0,,econ-1,807,,,,,,
2255,rsp2255-1,HND,16,1,2,2,0,,,oth-1,656,,,,,,
2255,rsp2255-2,HND,1 2 7,1,2,2,0,,,econ-1,809,,,,,,
2256,rsp2256,HND,1 2 7,1,2,4,1,0,,econ-1,811,,,,,,
2257,rsp2257,HND,1 6 7,1,2,2,0,,,econ-1,812,,,,,,
2258,rsp2258-1,HND,1 2 7,1,2,2,0,,,econ-1,814,,,,,,
2258,rsp2258-2,HND,1 2 7,1,2,2,0,,,econ-1,815,,,,,,
2258,rsp2258-3,HND,1 2 7,1,2,2,0,,,econ-1,816,,,,,,
2259,rsp2259,HND,1 2 7,1,2,3,0,,,econ-1,817,,,,,,
2260,rsp2260-1,HND,9,1,2,2,0,,,oth-1,669,,,,,,
2260,rsp2260-2,HND,9,1,2,2,0,,,oth-1,681,,,,,,
2260,rsp2260-3,HND,9,1,2,2,0,,,oth-1,712,,,,,,
2260,rsp2260-4,HND,1 2 7,1,2,2,0,,,econ-1,818,,,,,,
2260,rsp2260-5,HND,1 2 7,1,2,2,0,,,econ-1,819,,,,,,
2260,rsp2260-6,HND,1 2 7,1,2,2,0,,,econ-1,820,,,,,,
2260,rsp2260-7,HND,1 2 7,1,2,2,0,,,econ-1,821,,,,,,
2261,rsp2261-1,HND,1,1,1,5,1,1,1,econ-1,822,,,,,,
2261,rsp2261-2,HND,1,1,1,5,1,1,1,econ-1,823,,,,,,
2264,rsp2264,HND,1 2 8,1,2,3,1,0,,econ-1,825,,,,,,
2268,rsp2268,HND,1,1,3,1,0,,,econ-1,826,,,,,,
2277,rsp2277,GT,1 7 8,1,2,4,0,,,econ-1,829,,,,,,
2280,rsp2280,GT,8 1,1,3,4,0,,,econ-1,832,,,,,,
2284,rsp2284,HND,1 2 8,1,2,2,0,,,econ-1,835,,,,,,
2291,rsp2291,HND,9 1,1,2,2,1,0,,econ-oth-2,958,,,,,,
2292,rsp2292,HND,1,1,1,3,0,,,econ-1,836,,,,,,
2293,rsp2293-1,HND,1,1,2,2,1,1,1,econ-1,838,,,,,,
2293,rsp2293-2,HND,2 8,1,2,2,1,1,1,econ-1,839,,,,,,
2303,rsp2303-2,HND,1 3 8,1,2,1,1,0,,econ-clim-2,271,,,,,,
2303,rsp2303-1,HND,1 7 8,1,2,1,1,0,,econ-1,840,,,,,,
2313,rsp2313,GT,1 6 7,1,1,4,0,,,econ-1,841,,,,,,
2330,rsp2330,GT,1 3 4,1,2,1,0,,,econ-clim-2,272,,,,,,
2336,rsp2336,HND,9,1,1,2,0,,,oth-1,725,,,,,,
2378,rsp2378-1,HND,1 2 6,1,1,1,1,1,1,econ-1,842,,,,,,
2378,rsp2378-2,HND,2 1 6,1,1,1,1,1,1,econ-1,843,,,,,,
2382,rsp2382-3,HND,1 2 3,1,1,4,0,,,econ-clim-2,326,,,,,,
2382,rsp2382-1,HND,1 2 7,1,1,4,0,,,econ-1,844,,,,,,
2382,rsp2382-2,HND,1 2 6,1,1,4,0,,,econ-1,845,,,,,,
2387,rsp2387,HND,1 2 9,1,1,4,0,,,econ-oth-2,963,,,,,,
2391,rsp2391-1,GT,1 2 8,1,1,4,0,,,econ-1,846,,,,,,
2391,rsp2391-2,GT,1 2 7,1,1,4,0,,,econ-1,847,,,,,,
2391,rsp2391-3,GT,1 2,1,1,4,0,,,econ-1,850,,,,,,
2395,rsp2395,GT,1 2,1,1,3,1,0,,econ-1,851,,,,,,
2396,rsp2396-1,GT,1 2,1,1,4,1,0,,econ-1,852,,,,,,
2396,rsp2396-2,GT,1 2,1,1,4,1,0,,econ-1,853,,,,,,
2399,rsp2399-1,HND,1 8 9,1,1,5,0,,,econ-oth-2,1013,,,,,,
2399,rsp2399-2,HND,1 8 15,1,1,5,0,,,econ-oth-2,1020,,,,,,
2400,rsp2400,GT,1 2 6,1,1,4,0,,,econ-1,854,,,,,,
2403,rsp2403,GT,1,1,1,4,1,0,,econ-1,855,,,,,,
2406,rsp2406,HND,1 7 16,1,1,1,0,,,econ-oth-2,1069,,,,,,
2412,rsp2412,GT,1 2 7,1,2,1,0,,,econ-1,856,,,,,,
2417,rsp2417-1,HND,8,1,1,2,1,1,1,econ-1,859,,,,,,
2417,rsp2417-2,HND,1 2,1,1,2,1,1,1,econ-1,860,,,,,,
2420,rsp2420,HND,1 6,1,2,2,1,0,,econ-1,861,,,,,,
2425,rsp2425,GT,2,1,2,2,99,,,econ-1,863,,,,,,
2430,rsp2430,GT,1 6 8,1,1,4,0,,,econ-1,865,,,,,,
2439,rsp2439,HND,2 1 12,1,2,5,1,0,,econ-reun-2,776,,,,,,
2440,rsp2440,HND,1 7 8,1,1,1,1,0,,econ-1,867,,,,,,
2451,rsp2451,GT,1,1,3,3,1,0,,econ-1,868,,,,,,
2454,rsp2454,GT,7 1,1,2,4,1,0,,econ-1,870,,,,,,
2472,rsp2472,GT,2 1 6,1,2,4,1,0,,econ-1,871,,,,,,
2474,rsp2474,GT,1 7,1,1,5,0,,,econ-1,872,,,,,,
2475,rsp2475-2,GT,1,1,1,4,1,0,,econ-1,873,,,,,,
2475,rsp2475-3,GT,1 7,1,1,4,1,0,,econ-1,874,,,,,,
2475,rsp2475-1,GT,12,1,1,4,1,0,,reun-1,999,,,,,,
2476,rsp2476-1,GT,1 2,1,1,4,1,0,,econ-1,875,,,,,,
2476,rsp2476-2,GT,1 2,1,1,4,1,0,,econ-1,876,,,,,,
2478,rsp2478-1,GT,10 1,1,1,4,1,0,,econ-sec-2,1028,,,,,,
2478,rsp2478-2,GT,16 7,1,1,4,1,0,,econ-oth-2,1076,,,,,,
2479,rsp2479-1,GT,7,1,2,4,1,0,,econ-1,877,,,,,,
2479,rsp2479-2,GT,7,1,2,4,1,0,,econ-1,878,,,,,,
2479,rsp2479-3,GT,7 2,1,2,4,1,0,,econ-1,879,,,,,,
2488,rsp2488-2,HND,16,1,1,1,0,,,oth-1,768,,,,,,
2488,rsp2488-1,HND,1 6 7,1,1,1,0,,,econ-1,881,,,,,,
2488,rsp2488-3,HND,1,1,1,1,0,,,econ-1,882,,,,,,
2491,rsp2491,HND,1 7 8,1,1,2,0,,,econ-1,891,,,,,,
2493,rsp2493,GT,1 2,1,3,1,1,1,0,econ-1,892,,,,,,
2494,rsp2494,GT,1 2,1,1,1,0,,,econ-1,894,,,,,,
2500,rsp2500,GT,1 2,1,2,1,0,,,econ-1,895,,,,,,
2502,rsp2502,HND,1 2 8,1,2,4,1,0,,econ-1,896,,,,,,
2506,rsp2506,HND,1 6 11,1,2,1,1,0,,econ-sec-2,1032,,,,,,
2507,rsp2507,HND,2,1,2,2,1,0,,econ-1,897,,,,,,
2511,rsp2511,HND,2,1,2,3,0,,,econ-1,898,,,,,,
2512,rsp2512,HND,8,1,1,2,1,0,,econ-1,899,,,,,,
2513,rsp2513,HND,16,1,1,1,1,0,,oth-1,781,,,,,,
2515,rsp2515-1,HND,2,1,1,2,0,,,econ-1,900,,,,,,
2515,rsp2515-2,HND,2,1,1,2,0,,,econ-1,901,,,,,,
2516,rsp2516,HND,2,1,1,2,0,,,econ-1,902,,,,,,
2518,rsp2518,HND,8,1,1,2,1,0,,econ-1,907,,,,,,
2519,rsp2519,HND,2,1,1,2,1,0,,econ-1,908,,,,,,
2524,rsp2524,SLV,6 7,1,2,4,0,,,econ-1,909,,,,,,
2527,rsp2527,GT,1 7,1,1,1,99,,,econ-1,910,,,,,,
2530,rsp2530,GT,1 16,1,2,4,0,,,econ-oth-2,1126,,,,,,
2547,rsp2547-2,GT,1,1,2,3,1,0,,econ-1,911,,,,,,
2547,rsp2547-3,GT,1,1,2,3,1,0,,econ-1,912,,,,,,
2547,rsp2547-1,GT,12,1,2,3,1,0,,reun-1,1025,,,,,,
2556,rsp2556,HND,1 2,1,1,4,1,0,,econ-1,914,,,,,,
2557,rsp2557,HND,1 2,1,2,4,0,,,econ-1,915,,,,,,
2561,rsp2561-2,HND,1 4 6,1,3,4,1,1,1,econ-clim-2,327,,,,,,
2561,rsp2561-1,HND,6 7,1,3,4,1,1,1,econ-1,916,,,,,,
2561,rsp2561-3,HND,1 2 6,1,3,4,1,1,1,econ-1,918,,,,,,
2566,rsp2566,SLV,1 6,1,1,4,0,,,econ-1,920,,,,,,
2571,rsp2571,SLV,1 8,1,2,4,1,0,,econ-1,922,,,,,,
2577,rsp2577,HND,1 12,1,2,2,0,,,econ-reun-2,778,y,Juan,62,M,Juan reunified with his family who were working as farm laborers. 11.2% of migrants work in the agriculture sector.,
2581,rsp2581,SLV,1,1,2,4,0,,,econ-1,923,,,,,,
2595,rsp2595,SLV,8 1 2,1,2,3,1,1,0,econ-1,924,,,,,,
2596,rsp2596,SLV,12,1,1,1,0,,,reun-1,1037,,,,,,
2599,rsp2599,SLV,12 8,1,1,4,0,,,econ-reun-2,883,,,,,,
2601,rsp2601,SLV,1,1,2,3,1,0,,econ-1,926,,,,,,
2607,rsp2607,SLV,2 11,1,1,3,1,0,,econ-sec-2,1085,,,,,,
2628,rsp2628,SLV,12 3,1,1,4,0,,,econ-reun-2,885,,,,,,
2629,rsp2629,SLV,1 8,1,1,4,0,,,econ-1,927,,,,,,
2630,rsp2630,SLV,1 2 8,1,1,4,0,,,econ-1,928,,,,,,
2641,rsp2641,SLV,15 10,1,1,4,1,0,,sec-oth-2,1019,,,,,,
2651,rsp2651-1,HND,1,1,2,2,0,,,econ-1,929,,,,,,
2651,rsp2651-2,HND,1,1,2,2,0,,,econ-1,930,,,,,,
2652,rsp2652,HND,1 2,1,1,4,0,,,econ-1,931,,,,,,
2656,rsp2656,SLV,1,1,1,4,1,0,,econ-1,932,,,,,,
2662,rsp2662,SLV,9,1,2,4,0,,,oth-1,824,,,,,,
2664,rsp2664-1,SLV,1 7,1,2,3,1,0,,econ-1,933,,,,,,
2664,rsp2664-2,SLV,1,1,2,3,1,0,,econ-1,934,,,,,,
2664,rsp2664-3,SLV,1 2,1,2,3,1,0,,econ-1,935,,,,,,
2668,rsp2668-1,SLV,1,1,2,2,0,,,econ-1,937,,,,,,
2668,rsp2668-2,SLV,1,1,2,2,0,,,econ-1,938,,,,,,
2693,rsp2693-1,HND,1 2 6,1,2,2,1,1,1,econ-1,939,,,,,,
2693,rsp2693-2,HND,1 2,1,2,2,1,1,1,econ-1,946,,,,,,
2704,rsp2704-2,SLV,1 6,1,1,3,0,,,econ-1,947,,,,,,
2704,rsp2704-3,SLV,1 6,1,1,3,0,,,econ-1,948,,,,,,
2704,rsp2704-1,SLV,9 1,1,1,3,0,,,econ-oth-2,1131,,,,,,
2711,rsp2711,SLV,1 8,1,2,2,0,,,econ-1,950,,,,,,
2719,rsp2719,SLV,1 2 6,1,2,3,0,,,econ-1,951,,,,,,
2730,rsp2730,HND,1 2 8,1,1,2,0,,,econ-1,952,,,,,,
2737,rsp2737,SLV,2 1 7,1,2,3,1,0,,econ-1,953,,,,,,
2742,rsp2742,SLV,1,1,1,2,1,1,1,econ-1,954,,,,,,
2752,rsp2752,HND,1,1,1,4,0,,,econ-1,955,,,,,,
2753,rsp2753,HND,1 2,1,1,2,0,,,econ-1,956,,,,,,
2759,rsp2759,HND,2 11 1,1,2,3,1,0,,econ-sec-2,1089,,,,,,
2767,rsp2767-1,SLV,1 6 8,1,1,1,1,0,,econ-1,957,,,,,,
2767,rsp2767-2,SLV,11,1,1,1,1,0,,sec-1,1366,,,,,,
2774,rsp2774,HND,1 2 7,1,2,4,1,0,,econ-1,964,,,,,,
2779,rsp2779,SLV,12,1,1,4,0,,,reun-1,1072,,,,,,
2782,rsp2782,HND,1 2 8,1,1,1,0,,,econ-1,965,,,,,,
2786,rsp2786,SLV,1,1,1,5,1,0,,econ-1,966,,,,,,
2787,rsp2787,SLV,1,1,2,3,0,,,econ-1,967,,,,,,
2793,rsp2793,SLV,1 2 8,1,1,4,0,,,econ-1,968,,,,,,
2796,rsp2796,HND,2 1 3,1,3,4,0,,,econ-clim-2,512,,,,,,
2806,rsp2806-2,HND,9,1,2,4,1,0,,oth-1,830,,,,,,
2806,rsp2806-1,HND,1 2 7,1,2,4,1,0,,econ-1,970,,,,,,
2808,rsp2808,HND,1 2 7,1,2,3,1,0,,econ-1,971,,,,,,
2810,rsp2810-1,HND,9,1,3,2,0,,,oth-1,831,,,,,,
2810,rsp2810-2,HND,1 2 7,1,3,2,0,,,econ-1,973,,,,,,
2810,rsp2810-3,HND,1 2 7,1,3,2,0,,,econ-1,975,,,,,,
2811,rsp2811-1,HND,1 2 6,1,3,3,1,0,,econ-1,977,,,,,,
2811,rsp2811-2,HND,1 2 7,1,3,3,1,0,,econ-1,978,,,,,,
2812,rsp2812-1,HND,9,1,3,3,0,,,oth-1,837,,,,,,
2812,rsp2812-2,HND,1 2 7,1,3,3,0,,,econ-1,979,,,,,,
2812,rsp2812-3,HND,1 2 7,1,3,3,0,,,econ-1,982,,,,,,
2814,rsp2814-1,HND,1 2 8,1,1,1,1,0,,econ-1,983,,,,,,
2814,rsp2814-2,HND,1 2 8,1,1,1,1,0,,econ-1,984,,,,,,
2816,rsp2816,HND,1 8 6,1,1,3,0,,,econ-1,985,,,,,,
2817,rsp2817-1,HND,1 2 8,1,1,2,0,,,econ-1,986,,,,,,
2817,rsp2817-2,HND,2 16,1,1,2,0,,,econ-oth-2,1138,,,,,,
2819,rsp2819,HND,7 14,1,2,3,0,,,econ-oth-2,1183,,,,,,
2821,rsp2821,HND,1 8,1,1,3,1,0,,econ-1,987,,,,,,
2826,rsp2826-1,GT,1 2,1,2,1,1,0,,econ-1,988,,,,,,
2826,rsp2826-2,GT,1 2,1,2,1,1,0,,econ-1,989,,,,,,
2827,rsp2827-1,GT,1 2,1,1,5,0,,,econ-1,990,,,,,,
2827,rsp2827-2,GT,1 2,1,1,5,0,,,econ-1,991,,,,,,
2830,rsp2830,HND,1,1,2,1,1,0,,econ-1,993,,,,,,
2832,rsp2832,HND,1,1,1,2,1,1,0,econ-1,994,,,,,,
2843,rsp2843,GT,1 6 7,1,1,4,0,,,econ-1,995,,,,,,
2844,rsp2844-1,GT,1 3 4,1,3,1,0,,,econ-clim-2,513,,,,,,
2844,rsp2844-2,GT,1 2 4,1,3,1,0,,,econ-clim-2,567,,,,,,
2849,rsp2849,GT,1 8,1,2,2,0,,,econ-1,996,,,,,,
2853,rsp2853,GT,1 6 8,1,3,4,0,,,econ-1,1001,,,,,,
2856,rsp2856,GT,1 2 8,1,1,4,0,,,econ-1,1002,,,,,,
2860,rsp2860,GT,1,1,1,5,0,,,econ-1,1003,,,,,,
2861,rsp2861,GT,1,1,1,5,0,,,econ-1,1004,,,,,,
2863,rsp2863,GT,1,1,1,4,0,,,econ-1,1006,,,,,,
2868,rsp2868,GT,2 1,1,1,2,0,,,econ-1,1007,,,,,,
2870,rsp2870,GT,2 7 6,1,1,1,0,,,econ-1,1008,,,,,,
2871,rsp2871,GT,1 2 6,1,1,1,1,0,,econ-1,1009,,,,,,
2878,rsp2878,GT,1 8,1,1,5,1,0,,econ-1,1010,,,,,,
2882,rsp2882,GT,99 2 1,1,2,3,0,,,econ-1,1011,,,,,,
2892,rsp2892-1,GT,1 8 12,1,1,6,1,0,,econ-reun-2,888,,,,,,
2892,rsp2892-2,GT,1 8 14,1,1,6,1,0,,econ-oth-2,1186,,,,,,
2898,rsp2898,GT,1 2,1,2,2,1,0,,econ-1,1012,,,,,,
2904,rsp2904,GT,7 6 2,1,3,1,0,,,econ-1,1021,,,,,,
2911,rsp2911-1,HND,1 2 6,1,2,4,1,0,,econ-1,1022,,,,,,
2911,rsp2911-2,HND,1 2 7,1,2,4,1,0,,econ-1,1023,,,,,,
2913,rsp2913,HND,1 2 7,1,1,3,1,0,,econ-1,1024,,,,,,
2920,rsp2920,GT,9,1,1,4,0,,,oth-1,880,,,,,,
2922,rsp2922,GT,1 7,1,2,2,0,,,econ-1,1026,,,,,,
2927,rsp2927,GT,1 3 6,1,2,4,0,,,econ-clim-2,568,,,,,,
2933,rsp2933,GT,15,1,1,5,0,,,oth-1,893,,,,,,
2935,rsp2935-1,GT,7 16,1,2,4,1,0,,econ-oth-2,1194,,,,,,
2935,rsp2935-2,GT,1 16 6,1,2,4,1,0,,econ-oth-2,1240,,,,,,
2941,rsp2941,GT,1 2,1,3,1,0,,,econ-1,1027,,,,,,
2943,rsp2943,GT,1 2,1,3,1,1,1,0,econ-1,1029,,,,,,
2945,rsp2945,GT,1 2 7,1,1,5,0,,,econ-1,1031,,,,,,
2946,rsp2946,GT,2 7 6,1,2,4,0,,,econ-1,1033,,,,,,
2954,rsp2954,HND,12 8,1,1,4,1,1,1,econ-reun-2,890,,,,,,
2958,rsp2958,HND,2 7,1,2,3,1,0,,econ-1,1034,,,,,,
2960,rsp2960-1,HND,1 7,1,1,1,0,,,econ-1,1035,,,,,,
2960,rsp2960-2,HND,1,1,1,1,0,,,econ-1,1038,,,,,,
2960,rsp2960-3,HND,1,1,1,1,0,,,econ-1,1039,,,,,,
2974,rsp2974,HND,2,1,3,3,1,0,,econ-1,1040,,,,,,
2977,rsp2977-1,HND,1,1,1,2,1,0,,econ-1,1041,,,,,,
2977,rsp2977-2,HND,1,1,1,2,1,0,,econ-1,1042,,,,,,
2981,rsp2981,HND,12,1,1,4,1,0,,reun-1,1081,,,,,,
2994,rsp2994,HND,1 6 7,1,2,3,0,,,econ-1,1043,,,,,,
2996,rsp2996,HND,2,1,2,4,1,0,,econ-1,1044,,,,,,
2998,rsp2998,HND,1 2 7,1,1,1,1,0,,econ-1,1045,,,,,,
3001,rsp3001,GT,1 6 8,1,2,4,0,,,econ-1,1046,,,,,,
3002,rsp3002,GT,1 2 8,1,1,4,0,,,econ-1,1047,,,,,,
3012,rsp3012,GT,1 8,1,1,6,0,,,econ-1,1049,,,,,,
3016,rsp3016,HND,1 2 6,1,2,2,0,,,econ-1,1050,,,,,,
3020,rsp3020,HND,1,1,1,2,0,,,econ-1,1051,,,,,,
3034,rsp3034,HND,1 2,1,3,3,1,0,,econ-1,1052,,,,,,
3042,rsp3042,HND,6,1,1,2,1,0,,econ-1,1053,,,,,,
3045,rsp3045,HND,1,1,2,2,1,0,,econ-1,1056,,,,,,
3051,rsp3051,HND,1 11 2,1,2,1,1,0,,econ-sec-2,1142,,,,,,
3054,rsp3054,HND,1 2 3,1,3,3,1,1,1,econ-clim-2,569,,,,,,
3055,rsp3055-1,HND,2 1 7,1,2,1,1,0,,econ-1,1057,,,,,,
3055,rsp3055-2,HND,2 1 7,1,2,1,1,0,,econ-1,1058,,,,,,
3065,rsp3065,GT,1 2 4,1,1,4,0,,,econ-clim-2,570,,,,,,
3067,rsp3067,HND,1,1,1,4,1,0,,econ-1,1059,,,,,,
3069,rsp3069,HND,12,1,1,3,0,,,reun-1,1093,,,,,,
3073,rsp3073,HND,1,1,2,3,0,,,econ-1,1060,,,,,,
3075,rsp3075,HND,2 1 6,1,2,4,1,1,1,econ-1,1062,,,,,,
3076,rsp3076,HND,1 2 3,1,2,2,1,1,0,econ-clim-2,622,,,,,,
3086,rsp3086-1,GT,16,1,2,3,99,,,oth-1,936,,,,,,
3086,rsp3086-2,GT,16,1,2,3,99,,,oth-1,949,,,,,,
3086,rsp3086-3,GT,12,1,2,3,99,,,reun-1,1137,,,,,,
3091,rsp3091,GT,1 7,1,2,1,99,,,econ-1,1063,,,,,,
3092,rsp3092,GT,1 7,1,3,4,0,,,econ-1,1064,,,,,,
3095,rsp3095,GT,7 1,1,1,2,1,0,,econ-1,1065,,,,,,
3097,rsp3097,GT,1 2 8,1,1,4,1,0,,econ-1,1066,,,,,,
3098,rsp3098,GT,1 2 8,1,1,3,1,0,,econ-1,1067,,,,,,
3102,rsp3102,GT,8 1,1,1,2,0,,,econ-1,1068,,,,,,
3109,rsp3109,GT,1,1,1,5,0,,,econ-1,1077,,,,,,
3116,rsp3116-2,GT,1 7 8,1,1,5,0,,,econ-1,1078,,,,,,
3116,rsp3116-1,GT,12,1,1,5,0,,,reun-1,1149,,,,,,
3125,rsp3125,GT,10,1,1,4,1,0,,sec-1,1409,,,,,,
3127,rsp3127,HND,1,1,1,1,0,,,econ-1,1079,,,,,,
3137,rsp3137,HND,2 1,1,1,3,0,,,econ-1,1080,,,,,,
3138,rsp3138,HND,1 2 6,1,3,2,1,0,,econ-1,1082,,,,,,
3139,rsp3139,HND,1,1,1,3,0,,,econ-1,1083,,,,,,
3140,rsp3140,HND,1 2 6,1,3,3,1,0,,econ-1,1084,,,,,,
3143,rsp3143,HND,1 2 6,1,3,3,1,1,1,econ-1,1086,,,,,,
3149,rsp3149,GT,1 7 6,1,2,4,0,,,econ-1,1088,,,,,,
3150,rsp3150,GT,1 8 7,1,2,4,0,,,econ-1,1090,,,,,,
3161,rsp3161-1,GT,3 1 2,1,1,2,0,,,econ-clim-2,623,,,,,,
3161,rsp3161-2,GT,1,1,1,2,0,,,econ-1,1091,,,,,,
3163,rsp3163-1,GT,2 3,1,1,1,0,,,econ-clim-2,626,,,,,,
3163,rsp3163-2,GT,1 2,1,1,1,0,,,econ-1,1092,,,,,,
3165,rsp3165,GT,3 1,1,1,2,0,,,econ-clim-2,627,,,,,,
3166,rsp3166-1,HND,1 7,1,1,2,0,,,econ-1,1094,,,,,,
3166,rsp3166-2,HND,7 2,1,1,2,0,,,econ-1,1095,,,,,,
3169,rsp3169,HND,1 2,1,1,1,1,0,,econ-1,1096,,,,,,
3170,rsp3170,HND,1,1,1,2,1,0,,econ-1,1097,,,,,,
3172,rsp3172-2,GT,1 2 4,1,3,1,0,,,econ-clim-2,678,,,,,,
3172,rsp3172-1,GT,1 6 2,1,3,1,0,,,econ-1,1098,,,,,,
3179,rsp3179,GT,1 7,1,2,2,0,,,econ-1,1099,,,,,,
3180,rsp3180-1,HND,2 1,1,2,1,1,0,,econ-1,1100,,,,,,
3180,rsp3180-2,HND,1 2,1,2,1,1,0,,econ-1,1101,,,,,,
3181,rsp3181,HND,1 2,1,2,2,1,99,,econ-1,1102,,,,,,
3183,rsp3183-1,HND,2 11,1,1,4,1,0,,econ-sec-2,1146,,,,,,
3183,rsp3183-2,HND,1 11,1,1,4,1,0,,econ-sec-2,1198,,,,,,
3185,rsp3185,HND,2 1 7,1,2,2,1,0,,econ-1,1103,,,,,,
3187,rsp3187-1,HND,8 12 16,1,1,5,1,0,,econ-reun-oth-3,233,,,,,,
3187,rsp3187-2,HND,1 12 9,1,1,5,1,0,,econ-reun-oth-3,288,,,,,,
3188,rsp3188,HND,1,1,1,2,1,1,1,econ-1,1105,,,,,,
3192,rsp3192,HND,1 2 6,1,1,1,1,0,,econ-1,1106,,,,,,
3194,rsp3194,GT,1 8,1,2,4,0,,,econ-1,1107,,,,,,
3196,rsp3196,GT,1 7 8,1,2,4,0,,,econ-1,1108,,,,,,
3204,rsp3204,HND,8 1 2,1,2,5,0,,,econ-1,1109,,,,,,
3209,rsp3209,HND,1 2 8,1,2,1,1,0,,econ-1,1112,,,,,,
3211,rsp3211-2,HND,9 99,1,2,5,1,1,1,oth-1,992,,,,,,
3211,rsp3211-1,HND,1 6 7,1,2,5,1,1,1,econ-1,1113,,,,,,
3220,rsp3220,GT,1,1,2,2,0,,,econ-1,1114,,,,,,
3224,rsp3224,GT,1 2 8,1,1,5,0,,,econ-1,1115,,,,,,
3228,rsp3228,GT,2 3 6,1,3,3,0,,,econ-clim-2,679,,,,,,
3234,rsp3234,GT,1 6,1,3,1,0,,,econ-1,1116,,,,,,
3235,rsp3235,HND,1 2,1,2,4,1,0,,econ-1,1117,,,,,,
3244,rsp3244,GT,6 2,1,1,5,1,0,,econ-1,1118,,,,,,
3245,rsp3245,GT,7 8,1,1,5,0,,,econ-1,1119,,,,,,
3252,rsp3252,HND,1,1,2,5,1,1,1,econ-1,1120,,,,,,
3254,rsp3254,HND,1 15 12,1,1,2,0,,,econ-reun-oth-3,1016,,,,,,
3255,rsp3255-1,GT,1,1,1,1,1,1,1,econ-1,1121,,,,,,
3255,rsp3255-2,GT,1,1,1,1,1,1,1,econ-1,1122,,,,,,
3272,rsp3272,GT,1 2 6,1,2,4,1,0,,econ-1,1123,,,,,,
3273,rsp3273,GT,7,1,2,3,0,,,econ-1,1124,,,,,,
3274,rsp3274,HND,1 2 6,1,3,2,0,,,econ-1,1125,,,,,,
3278,rsp3278-1,HND,1 2 8,1,1,2,0,,,econ-1,1132,,,,,,
3278,rsp3278-2,HND,1 2 8,1,1,2,0,,,econ-1,1133,,,,,,
3284,rsp3284,HND,1 2 5,1,1,2,1,1,1,econ-clim-2,682,,,,,,
3292,rsp3292,GT,1 8 6,1,1,5,0,,,econ-1,1134,,,,,,
3298,rsp3298-1,HND,1 2 6,1,2,5,1,0,,econ-1,1135,,,,,,
3298,rsp3298-2,HND,1 6 14,1,2,5,1,0,,econ-oth-2,1241,,,,,,
3300,rsp3300,HND,1,1,1,2,0,,,econ-1,1136,,,,,,
3305,rsp3305,HND,1,1,2,2,1,0,,econ-1,1139,,,,,,
3312,rsp3312,GT,12,1,1,5,1,0,,reun-1,1193,,,,,,
3314,rsp3314,GT,15 12,1,1,5,99,,,reun-oth-2,1391,,,,,,
3319,rsp3319-2,GT,1,1,2,4,1,0,,econ-1,1140,,,,,,
3319,rsp3319-1,GT,1 9,1,2,4,1,0,,econ-oth-2,1296,,,,,,
3323,rsp3323,GT,1 8,1,2,4,1,0,,econ-1,1141,,,,,,
3330,rsp3330,HND,1 7 14,1,2,4,1,1,0,econ-oth-2,1297,,,,,,
3331,rsp3331,HND,1 6 5,1,2,4,1,1,1,econ-clim-2,683,,,,,,
3333,rsp3333,GT,1,1,2,1,0,,,econ-1,1143,,,,,,
3335,rsp3335-1,HND,1 12,1,1,2,1,1,0,econ-reun-2,940,,,,,,
3335,rsp3335-2,HND,12,1,1,2,1,1,0,reun-1,1205,,,,,,
3335,rsp3335-3,HND,12,1,1,2,1,1,0,reun-1,1249,,,,,,
3336,rsp3336-1,HND,1 2 6,1,2,4,0,,,econ-1,1145,,,,,,
3336,rsp3336-2,HND,2 1 7,1,2,4,0,,,econ-1,1147,,,,,,
3338,rsp3338,HND,1 2 6,1,3,2,0,,,econ-1,1148,,,,,,
3341,rsp3341-1,HND,1 2 7,1,4,1,1,0,,econ-1,1150,,,,,,
3341,rsp3341-2,HND,1 2 7,1,4,1,1,0,,econ-1,1151,,,,,,
3353,rsp3353,SLV,1 8,1,1,1,0,,,econ-1,1152,,,,,,
3360,rsp3360,SLV,1 2 8,1,2,4,1,1,1,econ-1,1153,,,,,,
3361,rsp3361,SLV,1 2 8,1,1,3,1,0,,econ-1,1154,,,,,,
3362,rsp3362-1,SLV,1 8 2,1,2,4,0,,,econ-1,1155,,,,,,
3362,rsp3362-2,SLV,1 8 11,1,2,4,0,,,econ-sec-2,1202,,,,,,
3368,rsp3368-1,SLV,1 8,1,2,5,1,0,,econ-1,1156,,,,,,
3368,rsp3368-2,SLV,1 7 8,1,2,5,1,0,,econ-1,1157,,,,,,
3375,rsp3375,SLV,11 9 8,1,2,4,1,0,,sec-oth-2,1070,,,,,,
3391,rsp3391-1,GT,1 2,1,3,1,0,,,econ-1,1158,,,,,,
3391,rsp3391-2,GT,1 2,1,3,1,0,,,econ-1,1159,,,,,,
3392,rsp3392,GT,1 2 7,1,1,2,1,0,,econ-1,1161,,,,,,
3393,rsp3393,GT,1 2 7,1,2,1,0,,,econ-1,1162,,,,,,
3396,rsp3396,GT,1 2 7,1,3,3,1,0,,econ-1,1163,,,,,,
3402,rsp3402-4,GT,1 4,1,2,3,99,,,econ-clim-2,735,,,,,,
3402,rsp3402-1,GT,1 6,1,2,3,99,,,econ-1,1164,,,,,,
3402,rsp3402-2,GT,1 6,1,2,3,99,,,econ-1,1169,,,,,,
3402,rsp3402-3,GT,1 6,1,2,3,99,,,econ-1,1170,,,,,,
3415,rsp3415,SLV,1,1,2,2,0,,,econ-1,1171,,,,,,
3421,rsp3421,SLV,1,1,2,4,1,0,,econ-1,1172,,,,,,
3439,rsp3439-1,SLV,1 8,1,2,3,1,0,,econ-1,1174,,,,,,
3439,rsp3439-2,SLV,1 7,1,2,3,1,0,,econ-1,1175,,,,,,
3439,rsp3439-3,SLV,1 7 8,1,2,3,1,0,,econ-1,1176,,,,,,
3444,rsp3444,SLV,15,1,1,1,0,,,oth-1,1005,,,,,,
3445,rsp3445,SLV,1 8 7,1,1,4,0,,,econ-1,1177,,,,,,
3446,rsp3446,HND,1 2 7,1,2,5,0,,,econ-1,1178,,,,,,
3447,rsp3447,HND,1 2 7,1,1,4,0,,,econ-1,1179,,,,,,
3448,rsp3448,HND,1 7 2,1,2,4,0,,,econ-1,1180,,,,,,
3449,rsp3449-1,HND,1 2 7,1,3,4,1,1,0,econ-1,1181,,,,,,
3449,rsp3449-2,HND,1 2 7,1,3,4,1,1,0,econ-1,1182,,,,,,
3450,rsp3450,HND,1 2 7,1,4,4,1,1,1,econ-1,1187,,,,,,
3453,rsp3453,HND,1 2 7,1,3,4,1,1,1,econ-1,1188,,,,,,
3459,rsp3459,SLV,1,1,1,2,0,,,econ-1,1189,,,,,,
3460,rsp3460,SLV,1,1,2,4,1,0,,econ-1,1190,,,,,,
3461,rsp3461,SLV,1 6 8,1,2,4,1,0,,econ-1,1191,,,,,,
3464,rsp3464,SLV,1,1,2,4,0,,,econ-1,1192,,,,,,
3468,rsp3468-1,SLV,7,1,2,2,1,0,,econ-1,1195,,,,,,
3468,rsp3468-2,SLV,7 1,1,2,2,1,0,,econ-1,1196,,,,,,
3480,rsp3480-2,HND,1 6 7,1,1,1,1,0,,econ-1,1197,,,,,,
3480,rsp3480-1,HND,1 8 9,1,1,1,1,0,,econ-oth-2,1316,,,,,,
3497,rsp3497,HND,1 8,1,2,4,0,,,econ-1,1199,,,,,,
3507,rsp3507,HND,1 2 8,1,1,1,0,,,econ-1,1201,,,,,,
3509,rsp3509,HND,1,1,2,1,1,0,,econ-1,1203,,,,,,
3510,rsp3510,HND,1 2 7,1,1,2,0,,,econ-1,1204,,,,,,
3511,rsp3511,HND,1 2 7,1,1,2,1,0,,econ-1,1206,,,,,,
3512,rsp3512,HND,1 2 7,1,1,1,1,0,,econ-1,1207,,,,,,
3513,rsp3513,HND,1 2 7,1,2,2,0,,,econ-1,1208,,,,,,
3514,rsp3514,HND,1 2 7,1,1,2,0,,,econ-1,1209,,,,,,
3534,rsp3534,HND,2,1,3,1,0,,,econ-1,1210,,,,,,
3537,rsp3537,HND,1,1,1,1,0,,,econ-1,1211,,,,,,
3542,rsp3542,HND,1 7,1,2,1,1,0,,econ-1,1212,,,,,,
3545,rsp3545,SLV,1 2 7,1,2,3,0,,,econ-1,1213,,,,,,
3549,rsp3549,SLV,1 7,1,1,4,1,0,,econ-1,1214,,,,,,
3552,rsp3552,SLV,12 1,1,2,4,1,0,,econ-reun-2,942,,,,,,
3569,rsp3569,HND,1 3 8,1,2,1,1,0,,econ-clim-2,736,,,,,,
3588,rsp3588,GT,1 2 16,1,3,3,0,,,econ-oth-2,1334,,,,,,
3590,rsp3590,GT,1 2 8,1,2,3,1,0,,econ-1,1215,,,,,,
3594,rsp3594,HND,1,1,3,1,1,0,,econ-1,1217,,,,,,
3598,rsp3598,HND,1,1,1,5,1,0,,econ-1,1218,,,,,,
3605,rsp3605,HND,1 2,1,1,5,0,,,econ-1,1219,,,,,,
3613,rsp3613,HND,1 2,1,2,1,1,0,,econ-1,1220,,,,,,
3614,rsp3614,HND,1,1,1,1,1,0,,econ-1,1225,,,,,,
3615,rsp3615,HND,1 2 6,1,2,1,1,1,0,econ-1,1226,,,,,,
3618,rsp3618-2,HND,1 2 12,1,1,1,1,0,,econ-reun-2,943,,,,,,
3618,rsp3618-3,HND,1 2 12,1,1,1,1,0,,econ-reun-2,945,,,,,,
3618,rsp3618-1,HND,1 2,1,1,1,1,0,,econ-1,1227,,,,,,
3621,rsp3621,HND,1 2,1,1,1,1,0,,econ-1,1228,,,,,,
3623,rsp3623,HND,6 1 8,1,3,5,0,,,econ-1,1230,,,,,,
3624,rsp3624,HND,1 8,1,2,1,1,1,0,econ-1,1231,,,,,,
3625,rsp3625-1,HND,1 2,1,1,2,0,,,econ-1,1232,,,,,,
3625,rsp3625-2,HND,1 2,1,1,2,0,,,econ-1,1233,,,,,,
3637,rsp3637,SLV,1 11,1,1,4,1,0,,econ-sec-2,1253,,,,,,
3663,rsp3663,GT,1,1,1,5,0,,,econ-1,1234,,,,,,
3667,rsp3667,HND,1,1,3,3,0,,,econ-1,1235,,,,,,
3670,rsp3670,GT,1 2 8,1,2,4,0,,,econ-1,1236,,,,,,
3673,rsp3673,GT,3 8,1,1,2,0,,,econ-clim-2,737,,,,,,
3674,rsp3674,GT,1 8,1,1,1,0,,,econ-1,1237,,,,,,
3680,rsp3680,GT,6,1,2,3,0,,,econ-1,1238,,,,,,
3685,rsp3685,GT,1 2,1,2,3,1,0,,econ-1,1239,,,,,,
3692,rsp3692-2,HND,16,1,1,5,1,0,,oth-1,1017,,,,,,
3692,rsp3692-1,HND,1 2,1,1,5,1,0,,econ-1,1242,,,,,,
3693,rsp3693-1,HND,1 2 8,1,1,5,1,1,1,econ-1,1243,,,,,,
3693,rsp3693-2,HND,1 2 8,1,1,5,1,1,1,econ-1,1244,,,,,,
3693,rsp3693-3,HND,1 2 6,1,1,5,1,1,1,econ-1,1245,,,,,,
3698,rsp3698,HND,16 2,1,2,4,1,1,1,econ-oth-2,1335,,,,,,
3699,rsp3699,HND,2 1 3,1,2,3,0,,,econ-clim-2,738,,,,,,
3703,rsp3703,GT,1 6,1,2,4,0,,,econ-1,1246,,,,,,
3722,rsp3722-1,HND,2 4 7,1,2,3,1,0,,econ-clim-2,792,,,,,,
3722,rsp3722-2,HND,2 4 7,1,2,3,1,0,,econ-clim-2,793,,,,,,
3722,rsp3722-3,HND,2 4 7,1,2,3,1,0,,econ-clim-2,1110,,,,,,
3722,rsp3722-4,HND,2 4 7,1,2,3,1,0,,econ-clim-2,1111,,,,,,
3733,rsp3733-1,HND,15 12,1,1,2,0,,,reun-oth-2,1410,,,,,,
3733,rsp3733-2,HND,12 15,1,1,2,0,,,reun-oth-2,1445,,,,,,
3733,rsp3733-3,HND,12 15,1,1,2,0,,,reun-oth-2,1446,,,,,,
3734,rsp3734,HND,9 11,1,2,4,0,,,sec-oth-2,1074,y,Reina,67,F,1.7% of migrants are over the age of 65 when they migrate.,
3737,rsp3737,GT,7 8,1,1,2,1,1,1,econ-1,1247,,,,,,
3742,rsp3742,GT,1,1,2,3,0,,,econ-1,1248,,,,,,
3753,rsp3753,HND,12 15,1,1,1,0,,,reun-oth-2,1447,,,,,,
3754,rsp3754,HND,1 2 9,1,1,5,1,0,,econ-oth-2,1351,,,,,,
3756,rsp3756,HND,1 2,1,2,2,1,0,,econ-1,1250,,,,,,
3757,rsp3757,HND,1 2,1,2,1,0,,,econ-1,1251,,,,,,
3760,rsp3760-1,HND,1 2 6,1,1,1,0,,,econ-1,1252,,,,,,
3760,rsp3760-2,HND,1 2 8,1,1,1,0,,,econ-1,1254,,,,,,
3761,rsp3761-1,HND,9 11 15,1,2,2,1,0,,sec-oth-2,1075,,,,,,
3761,rsp3761-2,HND,1 2 6,1,2,2,1,0,,econ-1,1256,,,,,,
3762,rsp3762,HND,1 2,1,2,3,1,1,1,econ-1,1258,,,,,,
3763,rsp3763,HND,1 7 8,1,1,4,0,,,econ-1,1259,,,,,,
3767,rsp3767,HND,1 7 2,1,2,3,0,,,econ-1,1260,,,,,,
3768,rsp3768-1,HND,9 11,1,1,3,1,0,,sec-oth-2,1127,,,,,,
3768,rsp3768-2,HND,1 2,1,1,3,1,0,,econ-1,1262,,,,,,
3770,rsp3770,HND,1 7,1,1,2,1,0,,econ-1,1263,,,,,,
3771,rsp3771-1,HND,1 2,1,2,1,1,0,,econ-1,1264,,,,,,
3771,rsp3771-2,HND,1 2,1,2,1,1,0,,econ-1,1265,,,,,,
3774,rsp3774,HND,1,1,1,2,0,,,econ-1,1266,,,,,,
3778,rsp3778,HND,1 2 12,1,1,6,1,0,,econ-reun-2,980,,,,,,
3779,rsp3779-1,HND,2 1 6,1,2,4,1,0,,econ-1,1267,,,,,,
3779,rsp3779-2,HND,2 1 6,1,2,4,1,0,,econ-1,1268,,,,,,
3798,rsp3798-1,SLV,1 2,1,1,3,0,,,econ-1,1269,,,,,,
3798,rsp3798-2,SLV,1 2 8,1,1,3,0,,,econ-1,1270,,,,,,
3799,rsp3799,SLV,1 8,1,1,1,0,,,econ-1,1271,,,,,,
3828,rsp3828-1,SLV,1 8 11,1,2,1,0,,,econ-sec-2,1257,,,,,,
3828,rsp3828-2,SLV,1 9 8,1,2,1,0,,,econ-oth-2,1354,,,,,,
3832,rsp3832,SLV,1 7,1,3,1,1,0,,econ-1,1273,,,,,,
3833,rsp3833,SLV,12,1,3,3,1,0,,reun-1,1261,y,Carlos,26,M,Carlos wanted to reunify with her family. 15.5% of El Salvadoran migrants are traveling to reunify with their families.,
3834,rsp3834-1,SLV,1 2 7,1,2,4,1,0,,econ-1,1274,,,,,,
3834,rsp3834-2,SLV,1 2 7,1,2,4,1,0,,econ-1,1275,,,,,,
3839,rsp3839,SLV,11,1,2,1,1,0,,sec-1,1423,y,Claudia,43,F,"Claudia chose to migrate because of violence, which women like her are especially vulnerable to, 8% of migrants decide to migrate solely for reasons of violence, domestic abuse, and security.",
3845,rsp3845-1,SLV,1,1,2,4,1,0,,econ-1,1276,,,,,,
3845,rsp3845-2,SLV,1,1,2,4,1,0,,econ-1,1277,,,,,,
3862,rsp3862,SLV,1 7 8,1,1,4,1,0,,econ-1,1280,,,,,,
3863,rsp3863,SLV,2 1 7,1,1,3,1,0,,econ-1,1281,,,,,,
3869,rsp3869-1,SLV,1,1,2,2,0,,,econ-1,1282,,,,,,
3869,rsp3869-2,SLV,1,1,2,2,0,,,econ-1,1283,,,,,,
3871,rsp3871,HND,1 7 8,1,3,1,0,,,econ-1,1284,,,,,,
3885,rsp3885-1,HND,1,1,3,4,1,1,0,econ-1,1286,,,,,,
3885,rsp3885-2,HND,1,1,3,4,1,1,0,econ-1,1287,,,,,,
3890,rsp3890-1,SLV,1,1,3,4,1,1,0,econ-1,1288,,,,,,
3890,rsp3890-2,SLV,1,1,3,4,1,1,0,econ-1,1289,,,,,,
3895,rsp3895,HND,9,1,1,5,0,,,oth-1,1048,,,,,,
3896,rsp3896,SLV,1 7 8,1,2,4,0,,,econ-1,1290,,,,,,
3899,rsp3899,SLV,1 2 8,1,1,3,0,,,econ-1,1291,,,,,,
3906,rsp3906,SLV,1 8,1,1,4,1,0,,econ-1,1292,,,,,,
3908,rsp3908,HND,1,1,2,4,1,0,,econ-1,1293,,,,,,
3920,rsp3920-2,SLV,9,1,2,4,1,0,,oth-1,1061,,,,,,
3920,rsp3920-1,SLV,1 8 2,1,2,4,1,0,,econ-1,1294,,,,,,
3921,rsp3921-2,SLV,12 8,1,2,4,0,,,econ-reun-2,997,,,,,,
3921,rsp3921-1,SLV,1 2,1,2,4,0,,,econ-1,1295,,,,,,
3922,rsp3922,SLV,12,1,2,5,1,0,,reun-1,1305,,,,,,
3924,rsp3924,SLV,1 8,1,2,3,1,0,,econ-1,1298,,,,,,
3928,rsp3928,SLV,15 12,1,1,4,0,,,reun-oth-2,1448,,,,,,
3931,rsp3931,SLV,1 6 8,1,2,2,1,0,,econ-1,1299,,,,,,
3932,rsp3932,SLV,2 1,1,2,4,0,,,econ-1,1300,,,,,,
3933,rsp3933,SLV,1 2 6,1,2,2,0,,,econ-1,1301,,,,,,
3935,rsp3935-2,HND,16,1,2,3,0,,,oth-1,1104,,,,,,
3935,rsp3935-3,HND,9,1,2,3,0,,,oth-1,1117,,,,,,
3935,rsp3935-1,HND,1,1,2,3,0,,,econ-1,1302,,,,,,
3939,rsp3939-2,HND,9,1,2,3,1,0,,oth-1,1160,,,,,,
3939,rsp3939-1,HND,2 6,1,2,3,1,0,,econ-1,1303,,,,,,
3940,rsp3940,HND,1 2 6,1,2,3,0,,,econ-1,1304,,,,,,
3944,rsp3944,HND,1 3 7,1,1,2,0,,,econ-clim-2,1165,,,,,,
3945,rsp3945,HND,1 2 7,1,1,2,1,0,,econ-1,1305,,,,,,
3946,rsp3946,HND,1 2 7,1,1,2,0,,,econ-1,1306,,,,,,
3947,rsp3947,HND,1 6 7,1,2,2,0,,,econ-1,1307,,,,,,
3948,rsp3948,HND,1 2 7,1,1,1,0,,,econ-1,1309,,,,,,
3958,rsp3958,HND,1 2,1,2,4,1,0,,econ-1,1311,,,,,,
3960,rsp3960-1,HND,1,1,1,5,99,,,econ-1,1313,,,,,,
3960,rsp3960-2,HND,1,1,1,5,99,,,econ-1,1314,,,,,,
3965,rsp3965,HND,1,1,1,2,0,,,econ-1,1315,,,,,,
3977,rsp3977,SLV,11,1,1,2,1,1,0,sec-1,1480,,,,,,
3985,rsp3985,HND,12 6,1,1,2,0,,,econ-reun-2,1000,,,,,,
3993,rsp3993,HND,1 2,1,1,2,0,,,econ-1,1318,,,,,,
3994,rsp3994,HND,1 7,1,2,1,1,0,,econ-1,1319,,,,,,
4008,rsp4008,SLV,14 13 12,1,1,5,1,0,,reun-oth-2,1501,,,,,,
4009,rsp4009,SLV,12 15,1,2,2,0,,,reun-oth-2,1502,,,,,,
4013,rsp4013-1,SLV,15 12,1,2,2,0,,,reun-oth-2,1503,,,,,,
4013,rsp4013-2,SLV,15 12,1,2,2,0,,,reun-oth-2,1504,,,,,,
4017,rsp4017,HND,1 2 6,1,1,2,0,,,econ-1,1320,,,,,,
4021,rsp4021,HND,2 1 8,1,1,1,0,,,econ-1,1321,,,,,,
4023,rsp4023-1,HND,1 2 7,1,2,4,1,0,,econ-1,1322,,,,,,
4023,rsp4023-2,HND,12 16 9,1,2,4,1,0,,reun-oth-2,1520,,,,,,
4027,rsp4027-1,SLV,1 7,1,2,3,0,,,econ-1,1323,,,,,,
4027,rsp4027-2,SLV,7 1 2,1,2,3,0,,,econ-1,1324,,,,,,
4027,rsp4027-3,SLV,1 2 7,1,2,3,0,,,econ-1,1325,,,,,,
4028,rsp4028,SLV,3 1 6,1,2,4,0,,,econ-clim-2,1166,,,,,,
4030,rsp4030-1,HND,16,1,1,3,0,,,oth-1,1173,,,,,,
4030,rsp4030-2,HND,8,1,1,3,0,,,econ-1,1326,,,,,,
4033,rsp4033-2,HND,9,1,1,2,1,0,,oth-1,1216,,,,,,
4033,rsp4033-3,HND,9,1,1,2,1,0,,oth-1,1229,,,,,,
4033,rsp4033-1,HND,1 9 13,1,1,2,1,0,,econ-oth-2,1372,,,,,,
4041,rsp4041,GT,1 2 6,1,3,2,1,0,,econ-1,1327,,,,,,
4048,rsp4048,GT,1 2,1,1,3,0,,,econ-1,1329,,,,,,
4049,rsp4049-1,GT,1 3,1,1,2,1,0,,econ-clim-2,1167,,,,,,
4049,rsp4049-2,GT,1 2,1,1,2,1,0,,econ-1,1330,,,,,,
4049,rsp4049-3,GT,1 2,1,1,2,1,0,,econ-1,1331,,,,,,
4051,rsp4051-3,GT,9,1,1,3,0,,,oth-1,1272,,,,,,
4051,rsp4051-5,GT,9,1,1,3,0,,,oth-1,1285,,,,,,
4051,rsp4051-1,GT,2 1 7,1,1,3,0,,,econ-1,1332,,,,,,
4051,rsp4051-2,GT,1 2 7,1,1,3,0,,,econ-1,1333,,,,,,
4051,rsp4051-4,GT,1 2,1,1,3,0,,,econ-1,1336,,,,,,
4059,rsp4059,GT,1 2 7,1,2,4,1,0,,econ-1,1337,,,,,,
4063,rsp4063,GT,1 2,1,1,5,0,,,econ-1,1338,,,,,,
4076,rsp4076,GT,2,1,2,3,0,,,econ-1,1339,,,,,,
4080,rsp4080-1,HND,16,1,3,2,1,0,,oth-1,1328,,,,,,
4080,rsp4080-2,HND,1 6,1,3,2,1,0,,econ-1,1340,,,,,,
4081,rsp4081,HND,2 1,1,3,3,1,0,,econ-1,1342,,,,,,
4082,rsp4082,HND,2 1 8,1,3,3,0,,,econ-1,1343,,,,,,
4083,rsp4083-1,HND,1 2 9,1,1,1,0,,,econ-oth-2,1389,,,,,,
4083,rsp4083-2,HND,1 2 9,1,1,1,0,,,econ-oth-2,1392,,,,,,
4084,rsp4084,HND,1 2 8,1,3,3,1,1,1,econ-1,1344,,,,,,
4086,rsp4086,HND,2 1,1,1,2,0,,,econ-1,1345,,,,,,
4089,rsp4089,HND,1 2 3,1,1,1,0,,,econ-clim-2,1168,,,,,,
4092,rsp4092,HND,1 7 8,1,3,1,1,1,1,econ-1,1346,,,,,,
4096,rsp4096-1,HND,1,1,3,2,0,,,econ-1,1347,,,,,,
4096,rsp4096-2,HND,1,1,3,2,0,,,econ-1,1348,,,,,,
4096,rsp4096-3,HND,1,1,3,2,0,,,econ-1,1349,,,,,,
4097,rsp4097-1,HND,1,1,2,1,1,0,,econ-1,1350,,,,,,
4097,rsp4097-2,HND,1 2,1,2,1,1,0,,econ-1,1355,,,,,,
4097,rsp4097-3,HND,1,1,2,1,1,0,,econ-1,1356,,,,,,
4098,rsp4098,HND,1,1,2,4,0,,,econ-1,1357,,,,,,
4099,rsp4099-1,HND,1 2,1,3,2,0,,,econ-1,1358,,,,,,
4099,rsp4099-2,HND,1 6 8,1,3,2,0,,,econ-1,1359,,,,,,
4100,rsp4100,HND,1 2 7,1,1,4,1,99,,econ-1,1360,,,,,,
4101,rsp4101-1,HND,1 2 6,1,3,1,1,1,0,econ-1,1362,,,,,,
4101,rsp4101-2,HND,1 6,1,3,1,1,1,0,econ-1,1363,,,,,,
4106,rsp4106,GT,1 7 8,1,1,3,1,1,1,econ-1,1365,,,,,,
4108,rsp4108,GT,1,1,1,2,0,,,econ-1,1367,,,,,,
4110,rsp4110,GT,1,1,2,4,0,,,econ-1,1369,,,,,,
4111,rsp4111,GT,1 7,1,1,1,0,,,econ-1,1370,,,,,,
4113,rsp4113,HND,1 2 7,1,2,5,1,0,,econ-1,1371,,,,,,
4115,rsp4115,GT,1 11,1,2,3,0,,,econ-sec-2,1308,,,,,,
4121,rsp4121,HND,1 8,1,2,5,1,99,,econ-1,1374,,,,,,
4124,rsp4124,HND,1 6 2,1,1,4,1,0,,econ-1,1375,y,Santos,35,M,Santos migrated because he was looking for work and now works doing various odds jobs in the informal economy in the US. 14% of migrants say they find this type of work once they reach their destination.,
4126,rsp4126,HND,1 7 8,1,1,5,0,,,econ-1,1376,,,,,,
4137,rsp4137,GT,1 6,1,2,2,0,,,econ-1,1377,,,,,,
4140,rsp4140,GT,1,1,1,4,1,0,,econ-1,1378,,,,,,
4142,rsp4142,GT,1,1,2,4,0,,,econ-1,1379,,,,,,
4147,rsp4147,GT,2 1 8,1,1,2,1,0,,econ-1,1380,,,,,,
4154,rsp4154,GT,1 2 8,1,1,4,0,,,econ-1,1381,,,,,,
4157,rsp4157,HND,1 8 16,1,2,4,1,0,,econ-oth-2,1406,,,,,,
4164,rsp4164,HND,2,1,1,3,1,0,,econ-1,1382,,,,,,
4166,rsp4166,HND,1 2,1,1,4,1,0,,econ-1,1383,,,,,,
4170,rsp4170-1,HND,12,1,1,4,1,1,0,reun-1,1317,,,,,,
4170,rsp4170-2,HND,12,1,1,4,1,1,0,reun-1,1361,,,,,,
4172,rsp4172,HND,1 6 2,1,1,5,0,,,econ-1,1385,,,,,,
4178,rsp4178,HND,1 6,1,3,4,0,,,econ-1,1386,,,,,,
4184,rsp4184,HND,7 2,1,2,2,1,0,,econ-1,1387,,,,,,
4188,rsp4188,HND,1 2,1,2,2,1,1,0,econ-1,1388,,,,,,
4189,rsp4189,HND,1 2,1,2,2,1,1,0,econ-1,1393,,,,,,
4190,rsp4190-1,HND,1 2,1,3,2,0,,,econ-1,1394,,,,,,
4190,rsp4190-2,HND,1 2,1,3,2,0,,,econ-1,1395,,,,,,
4201,rsp4201-1,SLV,15,1,1,6,0,,,oth-1,1341,,,,,,
4201,rsp4201-2,SLV,15,1,1,6,0,,,oth-1,1352,,,,,,
4204,rsp4204,SLV,1 8 7,1,2,4,1,0,,econ-1,1396,,,,,,
4206,rsp4206,SLV,1,1,2,5,0,,,econ-1,1398,,,,,,
4207,rsp4207,SLV,11,1,1,5,1,0,,sec-1,1536,,,,,,
4218,rsp4218,SLV,1 16,1,2,4,1,0,,econ-oth-2,1411,,,,,,
4226,rsp4226-1,SLV,1 2,1,1,1,1,0,,econ-1,1399,,,,,,
4226,rsp4226-2,SLV,1 2,1,1,1,1,0,,econ-1,1400,,,,,,
4227,rsp4227,SLV,1 2,1,1,2,1,1,1,econ-1,1401,,,,,,
4228,rsp4228,SLV,12,1,3,2,1,0,,reun-1,1373,,,,,,
4231,rsp4231-1,HND,1,1,2,1,0,,,econ-1,1402,,,,,,
4231,rsp4231-2,HND,1 7 8,1,2,1,0,,,econ-1,1403,,,,,,
4233,rsp4233,HND,1,1,1,3,1,0,,econ-1,1404,,,,,,
4234,rsp4234,HND,1 2 7,1,1,2,1,1,0,econ-1,1405,,,,,,
4237,rsp4237-1,SLV,1 2 8,1,2,1,1,1,0,econ-1,1412,,,,,,
4237,rsp4237-2,SLV,1 9 7,1,2,1,1,1,0,econ-oth-2,1444,,,,,,
4239,rsp4239,SLV,1 8,1,1,1,1,0,,econ-1,1413,,,,,,
4240,rsp4240,SLV,1 16 7,1,1,1,1,0,,econ-oth-2,1449,,,,,,
4241,rsp4241,SLV,1 7 14,1,1,3,1,0,,econ-oth-2,1462,,,,,,
4250,rsp4250,SLV,2 1,1,1,2,1,0,,econ-1,1414,,,,,,
4256,rsp4256,SLV,1 2 7,1,2,3,0,,,econ-1,1415,,,,,,
4259,rsp4259,SLV,1 7 8,1,2,4,1,0,,econ-1,1416,,,,,,
4260,rsp4260,HND,1 6 7,1,2,1,1,0,,econ-1,1418,,,,,,
4261,rsp4261,HND,1 2 7,1,1,2,1,0,,econ-1,1419,,,,,,
4262,rsp4262,HND,1 2 7,1,2,2,1,0,,econ-1,1420,y,Oscar,30,M,Oscar's family can not cover the cost of food and shelter with their income of $11 per month.,
4263,rsp4263,HND,1 2 7,1,2,2,0,,,econ-1,1422,,,,,,
4264,rsp4264,HND,1 2 7,1,1,2,1,0,,econ-1,1424,,,,,,
4267,rsp4267,HND,1,1,1,1,1,0,,econ-1,1426,,,,,,
4273,rsp4273,SLV,1 2 6,1,1,4,0,,,econ-1,1427,,,,,,
4274,rsp4274-1,SLV,1 6 7,1,1,4,1,0,,econ-1,1428,,,,,,
4274,rsp4274-2,SLV,1 6 16,1,1,4,1,0,,econ-oth-2,1467,,,,,,
4276,rsp4276,SLV,1 2,1,2,4,1,0,,econ-1,1430,,,,,,
4290,rsp4290-2,SLV,16,1,2,3,1,0,,oth-1,1384,,,,,,
4290,rsp4290-1,SLV,1 8,1,2,3,1,0,,econ-1,1431,,,,,,
4294,rsp4294,SLV,1 7,1,2,2,0,,,econ-1,1432,,,,,,
4295,rsp4295-1,SLV,12,1,1,3,0,,,reun-1,1417,,,,,,
4295,rsp4295-3,SLV,12,1,1,3,0,,,reun-1,1429,,,,,,
4295,rsp4295-2,SLV,1,1,1,3,0,,,econ-1,1433,,,,,,
4304,rsp4304,SLV,2 1,1,2,2,1,0,,econ-1,1434,,,,,,
4308,rsp4308,SLV,1 2,1,1,3,1,0,,econ-1,1435,,,,,,
4310,rsp4310,SLV,1 6,1,1,3,1,0,,econ-1,1436,,,,,,
4311,rsp4311,SLV,1,1,1,3,1,0,,econ-1,1437,,,,,,
4313,rsp4313,SLV,1 8,1,1,4,0,,,econ-1,1438,,,,,,
4317,rsp4317,SLV,1 2,1,2,4,1,0,,econ-1,1439,,,,,,
4323,rsp4323,SLV,1,1,2,2,1,0,,econ-1,1441,,,,,,
4325,rsp4325-1,SLV,2 7,1,1,4,1,0,,econ-1,1442,,,,,,
4325,rsp4325-3,SLV,1 7,1,1,4,1,0,,econ-1,1443,,,,,,
4325,rsp4325-2,SLV,8 9,1,1,4,1,0,,econ-oth-2,1474,,,,,,
4325,rsp4325-4,SLV,8 9,1,1,4,1,0,,econ-oth-2,1500,,,,,,
4326,rsp4326,SLV,1 8,1,2,4,0,,,econ-1,1450,,,,,,
4327,rsp4327-1,SLV,16,1,1,3,1,0,,oth-1,1397,,,,,,
4327,rsp4327-2,SLV,16,1,1,3,1,0,,oth-1,1407,,,,,,
4328,rsp4328-2,SLV,1 3 8,1,1,4,1,0,,econ-clim-2,1221,,,,,,
4328,rsp4328-1,SLV,1 2 8,1,1,4,1,0,,econ-1,1451,,,,,,
4330,rsp4330,SLV,1 7,1,2,3,0,,,econ-1,1452,,,,,,
4335,rsp4335,SLV,16,1,1,4,1,0,,oth-1,1408,,,,,,
4340,rsp4340,SLV,1 2,1,1,4,0,,,econ-1,1454,,,,,,
4350,rsp4350,HND,1 2 6,1,2,3,0,,,econ-1,1455,,,,,,
4351,rsp4351,HND,2 1 7,1,2,3,0,,,econ-1,1456,,,,,,
4352,rsp4352,HND,2 1,1,2,3,0,,,econ-1,1457,,,,,,
4353,rsp4353,HND,1,1,2,1,0,,,econ-1,1458,,,,,,
4357,rsp4357,HND,1 3 2,1,2,2,1,1,0,econ-clim-2,1222,,,,,,
4363,rsp4363,SLV,1 2 6,1,2,1,1,0,,econ-1,1459,,,,,,
4364,rsp4364,SLV,1,1,2,4,1,0,,econ-1,1460,,,,,,
4365,rsp4365,SLV,1,1,1,3,0,,,econ-1,1461,,,,,,
4368,rsp4368-1,SLV,16,1,2,3,1,1,0,oth-1,1440,,,,,,
4368,rsp4368-2,SLV,1 8,1,2,3,1,1,0,econ-1,1468,,,,,,
4368,rsp4368-3,SLV,1 8,1,2,3,1,1,0,econ-1,1469,,,,,,
4369,rsp4369,SLV,1 12 6,1,1,4,1,0,,econ-reun-2,1036,,,,,,
4370,rsp4370,SLV,2 1,1,1,2,0,,,econ-1,1470,,,,,,
4371,rsp4371-1,SLV,2 1,1,1,1,0,,,econ-1,1471,,,,,,
4371,rsp4371-2,SLV,7 2 1,1,1,1,0,,,econ-1,1472,,,,,,
4375,rsp4375,SLV,1,1,2,4,0,,,econ-1,1475,,,,,,
4376,rsp4376,SLV,1,1,2,1,0,,,econ-1,1476,,,,,,
4388,rsp4388,HND,1 2 6,1,1,1,0,,,econ-1,1477,,,,,,
4390,rsp4390-1,HND,2 1 7,1,1,1,0,,,econ-1,1479,,,,,,
4390,rsp4390-2,HND,2 1,1,1,1,0,,,econ-1,1481,,,,,,
4391,rsp4391,HND,1 2,1,1,1,0,,,econ-1,1483,,,,,,
4392,rsp4392,HND,1 2 6,1,1,1,0,,,econ-1,1484,,,,,,
4396,rsp4396,GT,1 2,1,2,1,0,,,econ-1,1486,,,,,,
4401,rsp4401,GT,1 2,1,2,1,1,0,,econ-1,1487,,,,,,
4403,rsp4403,GT,1,1,1,3,0,,,econ-1,1488,,,,,,
4409,rsp4409,GT,1 2,1,2,3,1,0,,econ-1,1489,,,,,,
4422,rsp4422,HND,11,1,1,4,1,0,,sec-1,1591,,,,,,
4424,rsp4424,HND,1,1,1,4,1,0,,econ-1,1490,,,,,,
4428,rsp4428,HND,1 2,1,1,4,1,99,,econ-1,1491,,,,,,
4429,rsp4429,HND,1,1,1,1,1,1,0,econ-1,1492,,,,,,
4432,rsp4432-1,HND,9,1,2,1,0,,,oth-1,1453,,,,,,
4432,rsp4432-2,HND,9,1,2,1,0,,,oth-1,1465,,,,,,
4432,rsp4432-3,HND,15,1,2,1,0,,,oth-1,1466,,,,,,
4434,rsp4434,HND,9 1 2,1,1,1,1,0,,econ-oth-2,1505,,,,,,
4436,rsp4436,HND,1 2,1,1,1,1,0,,econ-1,1493,,,,,,
4438,rsp4438,HND,1 2,1,2,2,0,,,econ-1,1494,,,,,,
4443,rsp4443,HND,2,1,2,2,0,,,econ-1,1495,,,,,,
4449,rsp4449-1,GT,7 8,1,1,5,1,0,,econ-1,1497,,,,,,
4449,rsp4449-2,GT,7 6 8,1,1,5,1,0,,econ-1,1498,,,,,,
4449,rsp4449-3,GT,1 2 8,1,1,5,1,0,,econ-1,1499,,,,,,
4456,rsp4456,GT,1 2 3,1,3,1,0,,,econ-clim-2,1223,,,,,,
4463,rsp4463,HND,1 7 14,1,1,5,1,0,,econ-oth-2,1519,,,,,,
4464,rsp4464-1,HND,1 2 6,1,1,4,0,,,econ-1,1506,,,,,,
4464,rsp4464-2,HND,1 2 7,1,1,4,0,,,econ-1,1507,,,,,,
4480,rsp4480,SLV,8,1,2,2,0,,,econ-1,1508,,,,,,
4489,rsp4489-1,SLV,2 11,1,2,4,1,99,,econ-sec-2,1312,,,,,,
4489,rsp4489-2,SLV,2 11,1,2,4,1,99,,econ-sec-2,1364,,,,,,
4499,rsp4499,SLV,1,1,2,4,0,,,econ-1,1510,,,,,,
4508,rsp4508,SLV,1 2,1,1,5,0,,,econ-1,1511,,,,,,
4510,rsp4510,SLV,2 11,1,3,3,0,,,econ-sec-2,1368,,,,,,
4515,rsp4515,SLV,1 11,1,2,4,0,,,econ-sec-2,1421,,,,,,
4521,rsp4521,SLV,1 7,1,2,4,0,,,econ-1,1512,,,,,,
4526,rsp4526,SLV,1 2,1,2,3,1,1,1,econ-1,1513,,,,,,
4532,rsp4532,SLV,1,1,2,1,1,0,,econ-1,1514,,,,,,
4533,rsp4533,SLV,1 8 7,1,1,4,1,0,,econ-1,1515,,,,,,
4538,rsp4538,SLV,1 2,1,1,1,1,0,,econ-1,1516,,,,,,
4540,rsp4540,SLV,1 2,1,2,3,0,,,econ-1,1517,,,,,,
4544,rsp4544,SLV,12,1,2,2,1,0,,reun-1,1473,,,,,,
4553,rsp4553-2,SLV,16,1,3,4,0,,,oth-1,1496,,,,,,
4553,rsp4553-1,SLV,1 2,1,3,4,0,,,econ-1,1518,,,,,,
4553,rsp4553-3,SLV,16 1 2,1,3,4,0,,,econ-oth-2,1522,,,,,,
4553,rsp4553-4,SLV,1 2,1,3,4,0,,,econ-1,1523,,,,,,
4560,rsp4560-1,SLV,1 2 11,1,1,3,1,1,0,econ-sec-2,1425,,,,,,
4560,rsp4560-2,SLV,1 2 16,1,1,3,1,1,0,econ-oth-2,1530,,,,,,
4560,rsp4560-3,SLV,1 2 16,1,1,3,1,1,0,econ-oth-2,1557,,,,,,
4560,rsp4560-4,SLV,1 2 9,1,1,3,1,1,0,econ-oth-2,1560,,,,,,
4569,rsp4569-1,SLV,1 2 8,1,2,2,1,1,0,econ-1,1524,,,,,,
4569,rsp4569-2,SLV,9 12,1,2,2,1,1,0,reun-oth-2,1558,,,,,,
4573,rsp4573,SLV,1 2 8,1,1,4,1,0,,econ-1,1525,,,,,,
4578,rsp4578,SLV,1,1,1,5,1,0,,econ-1,1526,,,,,,
4581,rsp4581,SLV,1 2 8,1,1,6,1,0,,econ-1,1527,,,,,,
4588,rsp4588,SLV,12,1,2,4,1,0,,reun-1,1485,,,,,,
4592,rsp4592,SLV,1 6 7,1,1,4,1,0,,econ-1,1528,,,,,,
4596,rsp4596,SLV,1,1,1,4,0,,,econ-1,1531,,,,,,
4605,rsp4605,SLV,11 1 9,1,1,1,0,,,sec-oth-2,1129,,,,,,
4610,rsp4610,SLV,1 7 8,1,2,3,0,,,econ-1,1532,,,,,,
4612,rsp4612,SLV,1 7 6,1,1,2,1,0,,econ-1,1533,,,,,,
4614,rsp4614,SLV,1,1,2,1,1,0,,econ-1,1535,y,Maria,F,32,Maria is similar to 17.5% of migrants who cite food insecurity as a driving motivation to migrate.,
4620,rsp4620,SLV,1 8,1,1,3,1,0,,econ-1,1537,,,,,,
4623,rsp4623-3,SLV,12,1,1,4,1,0,,reun-1,1529,,,,,,
4623,rsp4623-1,SLV,1 8,1,1,4,1,0,,econ-1,1539,,,,,,
4623,rsp4623-2,SLV,1 8,1,1,4,1,0,,econ-1,1540,,,,,,
4625,rsp4625-1,SLV,16,1,2,4,1,0,,oth-1,1509,,,,,,
4625,rsp4625-2,SLV,1 7,1,2,4,1,0,,econ-1,1542,,,,,,
4626,rsp4626,SLV,7 1,1,1,3,1,0,,econ-1,1543,,,,,,
4627,rsp4627-1,SLV,11 16,1,1,3,1,0,,sec-oth-2,1130,,,,,,
4627,rsp4627-2,SLV,11 16,1,1,3,1,0,,sec-oth-2,1184,,,,,,
4630,rsp4630-1,HND,1,1,2,1,1,0,,econ-1,1544,,,,,,
4630,rsp4630-2,HND,1,1,2,1,1,0,,econ-1,1545,,,,,,
4630,rsp4630-3,HND,1,1,2,1,1,0,,econ-1,1546,,,,,,
4632,rsp4632,HND,1,1,3,2,1,0,,econ-1,1547,,,,,,
4635,rsp4635,HND,1,1,3,1,1,0,,econ-1,1548,,,,,,
4637,rsp4637,HND,1 7 8,1,2,1,1,0,,econ-1,1549,,,,,,
4638,rsp4638,HND,8 6 7,1,2,1,0,,,econ-1,1550,,,,,,
4645,rsp4645,GT,1,1,1,5,99,,,econ-1,1551,,,,,,
4648,rsp4648,GT,1 2 7,1,2,1,1,0,,econ-1,1553,,,,,,
4654,rsp4654,GT,1 2,1,2,4,0,,,econ-1,1554,,,,,,
4661,rsp4661,HND,2 3,1,2,1,1,0,,econ-clim-2,1224,,,,,,
4665,rsp4665,GT,2 7,1,2,5,1,0,,econ-1,1555,,,,,,
4667,rsp4667,GT,2 1 7,1,3,1,0,,,econ-1,1556,,,,,,
4668,rsp4668,GT,1 2 7,1,1,3,0,,,econ-1,1561,,,,,,
4672,rsp4672,GT,1 3 6,1,3,1,0,,,econ-clim-2,1278,,,,,,
4684,rsp4684,GT,1 8,1,1,5,1,0,,econ-1,1562,,,,,,
4694,rsp4694,GT,1 8,1,1,4,1,0,,econ-1,1563,,,,,,
4696,rsp4696,SLV,16,1,2,4,1,0,,oth-1,1521,,,,,,
4699,rsp4699,SLV,2 1 8,1,1,4,1,0,,econ-1,1564,,,,,,
4703,rsp4703-3,SLV,9 11,1,2,4,1,0,,sec-oth-2,1185,,,,,,
4703,rsp4703-1,SLV,1 7 11,1,2,4,1,0,,econ-sec-2,1478,,,,,,
4703,rsp4703-2,SLV,1 7 11,1,2,4,1,0,,econ-sec-2,1482,,,,,,
4706,rsp4706,SLV,1 8 7,1,1,1,1,0,,econ-1,1566,,,,,,
4713,rsp4713,GT,1 6 8,1,1,4,1,0,,econ-1,1567,,,,,,
4714,rsp4714,GT,6 3 1,1,1,4,0,,,econ-clim-2,1279,,,,,,
4718,rsp4718-4,SLV,1 12,1,2,4,1,0,,econ-reun-2,1054,,,,,,
4718,rsp4718-1,SLV,1,1,2,4,1,0,,econ-1,1568,,,,,,
4718,rsp4718-2,SLV,1,1,2,4,1,0,,econ-1,1569,,,,,,
4718,rsp4718-3,SLV,1,1,2,4,1,0,,econ-1,1570,,,,,,
4719,rsp4719,SLV,1 2,1,2,4,1,0,,econ-1,1571,,,,,,
4723,rsp4723,SLV,2 1 11,1,2,4,0,,,econ-sec-2,1534,,,,,,
4725,rsp4725,SLV,12,1,1,3,1,1,1,reun-1,1541,y,Marta,80,F,Marta is 80 years old and migrated primarily to reunite with family.,
4726,rsp4726-1,GT,1 2 6,1,1,4,1,0,,econ-1,1572,,,,,,
4726,rsp4726-2,GT,1 2 7,1,1,4,1,0,,econ-1,1573,,,,,,
4738,rsp4738,SLV,1 2 11,1,2,4,1,0,,econ-sec-2,1538,,,,,,
4740,rsp4740-1,SLV,1 2 7,1,2,4,1,1,1,econ-1,1574,,,,,,
4740,rsp4740-2,SLV,1 2 7,1,2,4,1,1,1,econ-1,1575,,,,,,
4743,rsp4743,SLV,1,1,1,2,99,,,econ-1,1578,,,,,,
4747,rsp4747,GT,1 2 6,1,2,2,0,,,econ-1,1579,,,,,,
4751,rsp4751,SLV,1 2 6,1,2,3,1,0,,econ-1,1580,,,,,,
4758,rsp4758,SLV,1 2,1,2,4,1,0,,econ-1,1581,,,,,,
4773,rsp4773,SLV,12 16,1,1,4,0,,,reun-oth-2,1559,,,,,,
4775,rsp4775-1,SLV,1 2,1,2,4,1,0,,econ-1,1582,,,,,,
4775,rsp4775-2,SLV,1 2 7,1,2,4,1,0,,econ-1,1583,,,,,,
4780,rsp4780,SLV,1,1,1,6,1,1,1,econ-1,1584,,,,,,
4787,rsp4787,SLV,1,1,2,6,1,0,,econ-1,1586,,,,,,
4803,rsp4803,SLV,16 1 11,1,2,4,1,0,,sec-oth-2,1464,,,,,,
4805,rsp4805,SLV,1 11,1,2,4,0,,,econ-sec-2,1589,,,,,,
4815,rsp4815,GT,1 6,1,1,5,0,,,econ-1,1587,,,,,,
4820,rsp4820,GT,2 1 8,1,2,4,0,,,econ-1,1588,,,,,,
4821,rsp4821,GT,1 2,1,1,4,0,,,econ-1,1590,,,,,,
4826,rsp4826,GT,1 2 7,1,2,1,0,,,econ-1,1592,,,,,,
4827,rsp4827,GT,2 1 7,1,2,3,0,,,econ-1,1594,,,,,,
4828,rsp4828,GT,1 2 7,1,2,3,0,,,econ-1,1595,,,,,,
4838,rsp4838,SLV,1 6,1,1,3,0,,,econ-1,1596,,,,,,
4853,rsp4853,GT,1 7,1,2,4,0,,,econ-1,1598,,,,,,
4856,rsp4856,SLV,1,1,1,2,1,0,,econ-1,1599,,,,,,
4857,rsp4857,SLV,1,1,1,2,0,,,econ-1,1600,,,,,,
4864,rsp4864,SLV,1 13,1,1,1,0,,,econ-oth-2,1576,,,,,,
4867,rsp4867,SLV,1 7 9,1,3,4,1,1,1,econ-oth-2,1577,,,,,,
4876,rsp4876-1,SLV,1 7,1,2,4,1,0,,econ-1,1601,,,,,,
4876,rsp4876-2,SLV,1 7,1,2,4,1,0,,econ-1,1602,,,,,,
4876,rsp4876-3,SLV,1 7,1,2,4,1,0,,econ-1,1604,,,,,,
4878,rsp4878,SLV,15,1,1,5,0,,,oth-1,1552,,,,,,
4879,rsp4879,SLV,2 1,1,1,4,1,0,,econ-1,1605,,,,,,
4885,rsp4885-2,SLV,15,1,2,4,0,,,oth-1,1565,,,,,,
4885,rsp4885-1,SLV,13 15,1,2,4,0,,,econ-oth-2,1614,,,,,,
4887,rsp4887-1,SLV,12,1,1,5,0,,,reun-1,1585,,,,,,
4887,rsp4887-2,SLV,12,1,1,5,0,,,reun-1,1597,,,,,,
4887,rsp4887-3,SLV,1 2,1,1,5,0,,,econ-1,1606,,,,,,
4903,rsp4903,SLV,1 2 7,1,1,2,1,1,0,econ-1,1607,,,,,,
4908,rsp4908,SLV,15,1,1,5,1,0,,oth-1,1608,,,,,,
4912,rsp4912,SLV,15,1,1,2,1,0,,oth-1,1621,,,,,,
4916,rsp4916,SLV,8,1,1,4,0,,,econ-1,1609,,,,,,
4942,rsp4942,SLV,1,1,1,5,0,,,econ-1,1610,,,,,,
4945,rsp4945,SLV,1,1,2,5,0,,,econ-1,1611,,,,,,
4957,rsp4957-1,SLV,1 12 2,1,1,5,1,0,,econ-reun-2,1055,,,,,,
4957,rsp4957-2,SLV,1 2 9,1,1,5,1,0,,econ-oth-2,1615,,,,,,
4959,rsp4959,SLV,1 2 11,1,2,4,1,0,,econ-sec-2,1593,,,,,,
4964,rsp4964,SLV,1 2 8,1,2,2,0,,,econ-1,1612,,,,,,
4966,rsp4966-1,SLV,1 2,1,2,4,1,1,1,econ-1,1613,,,,,,
4966,rsp4966-2,SLV,1,1,2,4,1,1,1,econ-1,1616,,,,,,
4970,rsp4970,SLV,1,1,2,3,99,,,econ-1,1617,,,,,,
4975,rsp4975-1,SLV,8,1,2,4,1,0,,econ-1,1618,,,,,,
4975,rsp4975-2,SLV,1 2 8,1,2,4,1,0,,econ-1,1619,,,,,,
4982,rsp4982,HND,1 6 8,1,1,2,0,,,econ-1,1620,,,,,,
4983,rsp4983-1,HND,1 6,1,1,1,0,,,econ-1,1622,,,,,,
4983,rsp4983-2,HND,1,1,1,1,0,,,econ-1,1623,,,,,,
4983,rsp4983-3,HND,1 6 7,1,1,1,0,,,econ-1,1624,,,,,,